Info,Version=1.0.0,Template=fx_category_template_EBAY_US
*Action(SiteID=US|Country=US|Currency=USD|Version=1193|CC=UTF-8),CustomLabel,*Category,StoreCategory,*Title,Subtitle,Relationship,RelationshipDetails,ScheduleTime,*ConditionID,C:Product,C:Team,C:Size,C:Sport,C:Brand,C:Gender,C:Color,C:Pre & Post Season,C:Player,C:Officially Licensed,C:Capacity,C:California Prop 65 Warning,C:Country of Origin,C:Event/Tournament,C:Modified Item,PicURL,GalleryType,VideoID,*Description,*Format,*Duration,*StartPrice,BuyItNowPrice,BestOfferEnabled,BestOfferAutoAcceptPrice,MinimumBestOfferPrice,*Quantity,ImmediatePayRequired,*Location,ShippingType,ShippingService-1:Option,ShippingService-1:Cost,ShippingService-1:AdditionalCost,ShippingService-2:Option,ShippingService-2:Cost,*DispatchTimeMax,PromotionalShippingDiscount,ShippingDiscountProfileID,*ReturnsAcceptedOption,ReturnsWithinOption,RefundOption,ShippingCostPaidByOption,AdditionalDetails,Product Safety Pictograms,Product Safety Statements,Product Safety Component,Regulatory Document Ids,Manufacturer Name,Manufacturer AddressLine1,Manufacturer AddressLine2,Manufacturer City,Manufacturer Country,Manufacturer PostalCode,Manufacturer StateOrProvince,Manufacturer Phone,Manufacturer Email,Manufacturer ContactURL,Responsible Person 1,Responsible Person 1 Type,Responsible Person 1 AddressLine1,Responsible Person 1 AddressLine2,Responsible Person 1 City,Responsible Person 1 Country,Responsible Person 1 PostalCode,Responsible Person 1 StateOrProvince,Responsible Person 1 Phone,Responsible Person 1 Email,Responsible Person 1 ContactURL
Add,SET-1974,24541,,1974 Penn State Central Counties Bank Buttons Season Set Complete w/ Cotton Bowl,,,,2026-10-12 00:00:00,3000,"Pin, Button",Penn State Nittany Lions,2.25in,Football,Central Counties Bank,Unisex Adult,Blue and white,Bowl Game,Joe Paterno,,,,United States,,No,https://i.ebayimg.com/images/g/c~oAAeSw4QFpPckz/s-l1600.jpg,,,<p>Commemorate the 1974 Penn State Football season with the official Central Counties Bank GameDay Buttons / Pins / Pinbacks. This set is complete with a button for the 1975 Cotton Bowl against the Baylor Bears.</p><p>Bounce The Birds</p><p>Deck Navy</p><p>Sock The Hawks</p><p>Kick The Mule</p><p>Burn Wake Forest</p><p>Skin The Orange</p><p>Hack the Hillbillies</p><p>Burp The Terps</p><p>Sack The Pack</p><p>Claw The Cats</p><p>Barbeque Pitt</p><p>Skin The Bears</p><p>The buttons were picked up from the bank and some worn to games. They have various imperfections that make them unique. Please inspect the photos and bid with confidence that I will take the utmost care of these items.</p>,FixedPrice,GTC,80.00,,,,,2,,16686,Flat,USPSParcel,7.00,0.50,Pickup,0.00,3,,,ReturnsAccepted,Days_30,MoneyBack,Buyer,,,,,,,,,,,,,,,,,,,,,,,,,,
Add,SET-1975,24541,,1975 Penn State Central Counties Bank Buttons Season Set Complete w/ Sugar Bowl,,,,2026-10-12 00:00:00,3000,"Pin, Button",Penn State Nittany Lions,2.25in,Football,Central Counties Bank,Unisex Adult,Blue and white,Bowl Game,Joe Paterno,,,,United States,,No,https://i.ebayimg.com/images/g/c~oAAeSw4QFpPckz/s-l1600.jpg,,,<p>Commemorate the 1975 Penn State Football season with the official Central Counties Bank GameDay Buttons / Pins / Pinbacks. This set is complete with a button for the 1975 Sugar Bowl against the Alabama Crimson Tide.</p><p>Temple Hoo?</p><p>Clip The Cards</p><p>Goodbye Buckeyes</p><p>Hammer The Hawks</p><p>Skin The Cat</p><p>Lions Chew W.V.U.</p><p>Abuse Syracuse</p><p>Maul The Mule</p><p>Tramp The Terps</p><p>Smack The Pack</p><p>Dis arm Pitt</p><p>The Tide Can't Bear It</p><p>The buttons were picked up from the bank and some worn to games. They have various imperfections that make them unique. Please inspect the photos and bid with confidence that I will take the utmost care of these items.</p>,FixedPrice,GTC,35.00,,,,,3,,16686,Flat,USPSParcel,7.00,0.50,Pickup,0.00,3,,,ReturnsAccepted,Days_30,MoneyBack,Buyer,,,,,,,,,,,,,,,,,,,,,,,,,,
Add,SET-1982,24541,,1982 Penn State Central Counties Bank Buttons Season Set Complete w/ Sugar Bowl,,,,2026-10-12 00:00:00,3000,"Pin, Button",Penn State Nittany Lions,2.25in,Football,Central Counties Bank,Unisex Adult,Blue and white,Bowl Game,Joe Paterno,,,,United States,,No,https://i.ebayimg.com/images/g/c~oAAeSw4QFpPckz/s-l1600.jpg,,,"<p>Commemorate the 1982 Penn State Football season with the official Central Counties Bank GameDay Buttons / Pins / Pinbacks. This set is complete with a button for the 1983 Sugar Bowl against the Georgia Bulldogs.</p><p>Tumble Temple</p><p>Shell Maryland</p><p>Hard Day, Knights</p><p>A-Maize Nebraska</p><p>Turn The Tide</p><p>Abuse Syracuse</p><p>Mountaineers Take A Hike</p><p>Bye Bye Birdies</p><p>Attack The Pack</p><p>Irish Go Blah</p><p>This Year Too, PSU</p><p>Lions #1 No Bull!</p><p>The buttons were picked up from the bank and some worn to games. They have various imperfections that make them unique. Please inspect the photos and bid with confidence that I will take the utmost care of these items.</p>",FixedPrice,GTC,35.00,,,,,3,,16686,Flat,USPSParcel,7.00,0.50,Pickup,0.00,3,,,ReturnsAccepted,Days_30,MoneyBack,Buyer,,,,,,,,,,,,,,,,,,,,,,,,,,
Add,SET-1985,24541,,1985 Penn State Mellon Bank Buttons Season Set Complete w/ Orange Bowl Oklahoma,,,,2026-10-12 00:00:00,3000,"Pin, Button",Penn State Nittany Lions,2.25in,Football,Mellon Bank,Unisex Adult,Blue and white,Bowl Game,Joe Paterno,,,,United States,,No,https://i.ebayimg.com/images/g/c~oAAeSw4QFpPckz/s-l1600.jpg,,,"<p>Commemorate the 1985 Penn State Football season with the official Mellon Bank GameDay Buttons / Pins / Pinbacks. This set is complete with a button for the 1986 Orange Bowl against the Oklahoma Sooners.</p><p>Tearapart the Terrapins</p><p>Wise Demise</p><p>The Bucs Stop Here</p><p>Knightfall</p><p>Ride the Tide</p><p>O.J. for Joe</p><p>Miner Malfunction</p><p>Birdbusters</p><p>Scare-de-Cats</p><p>Irish Missed</p><p>Whippitt Good!</p><p>Too Late, Sooners</p><p>The buttons were picked up from the bank and some worn to games. They have various imperfections that make them unique. Please inspect the photos and bid with confidence that I will take the utmost care of these items.</p>",FixedPrice,GTC,20.00,,,,,3,,16686,Flat,USPSParcel,7.00,0.50,Pickup,0.00,3,,,ReturnsAccepted,Days_30,MoneyBack,Buyer,,,,,,,,,,,,,,,,,,,,,,,,,,
Add,SET-2005,24541,,2005 Penn State Citizens Bank Buttons Season Set Complete w/ Orange Bowl Pin,,,,2026-10-12 00:00:00,3000,"Pin, Button",Penn State Nittany Lions,2.25in,Football,Citizens Bank,Unisex Adult,Blue and white,Bowl Game,Joe Paterno,,,,United States,,No,https://i.ebayimg.com/images/g/c~oAAeSw4QFpPckz/s-l1600.jpg,,,<p>Commemorate the 2005 Penn State Football season with the official Citizens Bank GameDay Buttons / Pins / Pinbacks. This set is complete with a button for the 2006 Orange Bowl against the Florida State Seminoles.</p><p>The Bull Stops at PSU</p><p>Bearly Cats</p><p>Pass The Chips</p><p>Lions Win the Catfight</p><p>www.gopherthewin.psu</p><p>Don't Cross the State Lion</p><p>Lions Clean House</p><p>Shut Out the Nois</p><p>Roast Purdue</p><p>Too Badger Sad</p><p>History Says: Lions R Kings</p><p>Roll The 'Noles</p><p>The buttons were picked up from the bank and some worn to games. They have various imperfections that make them unique. Please inspect the photos and bid with confidence that I will take the utmost care of these items.</p>,FixedPrice,GTC,12.50,,,,,5,,16686,Flat,USPSParcel,7.00,0.50,Pickup,0.00,3,,,ReturnsAccepted,Days_30,MoneyBack,Buyer,,,,,,,,,,,,,,,,,,,,,,,,,,
Add,SET-2007,24541,,2007 Penn State Citizens Bank Buttons Season Set Complete w/ Alamo Bowl Pin,,,,2026-10-12 00:00:00,3000,"Pin, Button",Penn State Nittany Lions,2.25in,Football,Citizens Bank,Unisex Adult,Blue and white,Bowl Game,Joe Paterno,,,,United States,,No,https://i.ebayimg.com/images/g/c~oAAeSw4QFpPckz/s-l1600.jpg,,,<p>Commemorate the 2007 Penn State Football season with the official Citizens Bank GameDay Buttons / Pins / Pinbacks. This set is complete with a button for the 2007 Alamo Bowl against the Texas A&amp;M Aggies.</p><p>No Gold Here</p><p>It's A Dame Shame</p><p>Shuffle Off Buffalo</p><p>Good Golly Mich Folly</p><p>ILL Equipped For Lion Duty</p><p>The Eyes Don't Have It</p><p>Cheddar Shredder</p><p>Winners and Hoosiers</p><p>Four Quarters Will Change a Buck</p><p>Purdue Says Uncle</p><p>Owl - That Had To Hurt</p><p>Sparty Time's Over</p><p>A&amp;M: Remember the Nittany Lions</p><p>The buttons were picked up from the bank and some worn to games. They have various imperfections that make them unique. Please inspect the photos and bid with confidence that I will take the utmost care of these items.</p>,FixedPrice,GTC,12.00,,,,,5,,16686,Flat,USPSParcel,7.00,0.50,Pickup,0.00,3,,,ReturnsAccepted,Days_30,MoneyBack,Buyer,,,,,,,,,,,,,,,,,,,,,,,,,,
Add,SET-2009,24541,,2009 Penn State Citizens Bank Buttons Season Set Complete w/ Capital One Bowl,,,,2026-10-12 00:00:00,3000,"Pin, Button",Penn State Nittany Lions,2.25in,Football,Citizens Bank,Unisex Adult,Blue and white,Bowl Game,Joe Paterno,,,,United States,,No,https://i.ebayimg.com/images/g/c~oAAeSw4QFpPckz/s-l1600.jpg,,,"<p>Commemorate the 2009 Penn State Football season with the official Citizens Bank GameDay Buttons / Pins / Pinbacks. This set is complete with a button for the 2010 Capital One Bowl against the LSU Tigers.</p><p>Whip the Zip</p><p>Squeeze 'Em to a Pulp</p><p>Boot the Hoot</p><p>Rock Around the Hawk</p><p>Good ILL Hunting</p><p>Panthers Fear Joe Paws</p><p>Lions Gopher the Gold</p><p>It's Not Arbor Day</p><p>Wildcats Will Be Tamed</p><p>Nuttin' To Worry About</p><p>Hoosiers Weepers</p><p>Green Light for Lions</p><p>Lions Tame Tigers, Oh My!</p><p>The buttons were picked up from the bank and some worn to games. They have various imperfections that make them unique. Please inspect the photos and bid with confidence that I will take the utmost care of these items.</p>",FixedPrice,GTC,12.00,,,,,5,,16686,Flat,USPSParcel,7.00,0.50,Pickup,0.00,3,,,ReturnsAccepted,Days_30,MoneyBack,Buyer,,,,,,,,,,,,,,,,,,,,,,,,,,
Add,SET-2010,24541,,2010 Penn State Citizens Bank Buttons Season Set Complete w/ Outback Bowl Pin,,,,2026-10-12 00:00:00,3000,"Pin, Button",Penn State Nittany Lions,2.25in,Football,Citizens Bank,Unisex Adult,Blue and white,Bowl Game,Joe Paterno,,,,United States,,No,https://i.ebayimg.com/images/g/c~oAAeSw4QFpPckz/s-l1600.jpg,,,<p>Commemorate the 2010 Penn State Football season with the official Citizens Bank GameDay Buttons / Pins / Pinbacks. This set is complete with a button for the 2011 Outback Bowl against the Florida Gators.</p><p>Too Young for Old State</p><p>Turn Back the Tide</p><p>No Golden Moment</p><p>Winners Take Owl</p><p>Not Too Hawk to Handle</p><p>White Out the Noise</p><p>We Prefer Punxsutawney Phil</p><p>Wolverines Beware of the Lion's Den</p><p>ROAR Beats Meow</p><p>Our Lions Will Drive You Nuts</p><p>Fedex the Win to PSU</p><p>No Greece Lightning Here</p><p>Later Gators</p><p>The buttons were picked up from the bank and some worn to games. They have various imperfections that make them unique. Please inspect the photos and bid with confidence that I will take the utmost care of these items.</p>,FixedPrice,GTC,13.50,,,,,5,,16686,Flat,USPSParcel,7.00,0.50,Pickup,0.00,3,,,ReturnsAccepted,Days_30,MoneyBack,Buyer,,,,,,,,,,,,,,,,,,,,,,,,,,
Add,SET-2011,24541,,2011 Penn State Citizens Bank Buttons Season Set Complete w/ Ticket City Bowl,,,,2026-10-12 00:00:00,3000,"Pin, Button",Penn State Nittany Lions,2.25in,Football,Citizens Bank,Unisex Adult,Blue and white,Bowl Game,,,,,United States,,No,https://i.ebayimg.com/images/g/c~oAAeSw4QFpPckz/s-l1600.jpg,,,<p>Commemorate the 2011 Penn State Football season with the official Citizens Bank GameDay Buttons / Pins / Pinbacks. This set is complete with a button for the 2012 Ticket City Bowl against the Houston Cougars.</p><p>Forrest Thump</p><p>The Tide's Out</p><p>Owl-ch</p><p>All Quiet on the Eastern Front</p><p>Hoo's Sorry Now</p><p>Lions in Hawk Pursuit</p><p>Undo Purdue</p><p>North Bye Bye NW</p><p>Stifle the Noise</p><p>Shuck the Husks</p><p>Much Ado About Nuttin'</p><p>Brie 'em to Their Knees</p><p>GO Nittany Lions!</p><p>The buttons were picked up from the bank and some worn to games. They have various imperfections that make them unique. Please inspect the photos and bid with confidence that I will take the utmost care of these items.</p>,FixedPrice,GTC,15.00,,,,,5,,16686,Flat,USPSParcel,7.00,0.50,Pickup,0.00,3,,,ReturnsAccepted,Days_30,MoneyBack,Buyer,,,,,,,,,,,,,,,,,,,,,,,,,,
Add,SET-2013,24541,,2013 Penn State Citizens Bank Buttons Season Set Complete,,,,2026-10-12 00:00:00,3000,"Pin, Button",Penn State Nittany Lions,2.25in,Football,Citizens Bank,Unisex Adult,Blue and white,Regular Season,Bill O'Brien,,,,United States,,No,https://i.ebayimg.com/images/g/c~oAAeSw4QFpPckz/s-l1600.jpg,,,<p>Commemorate the 2013 Penn State Football season with the official Citizens Bank GameDay Buttons / Pins / Pinbacks. This set is complete.</p><p>Orange You Glad You're a Lion?</p><p>No Fly Zone for EMU</p><p>Knights Can't Slay Lions</p><p>Flash Lights Out</p><p>Hoosier Favorite? Lions!</p><p>Mich U Wish</p><p>Uproot the Buckeyes</p><p>No 'Paign No Gain!</p><p>Undermine the Gophers</p><p>Stopped in Their Tracks</p><p>Stalks Take a Plunge</p><p>We Don't Need No Stinkin' Badgers</p><p>The buttons were picked up from the bank and some worn to games. They have various imperfections that make them unique. Please inspect the photos and bid with confidence that I will take the utmost care of these items.</p>,FixedPrice,GTC,15.00,,,,,5,,16686,Flat,USPSParcel,7.00,0.50,Pickup,0.00,3,,,ReturnsAccepted,Days_30,MoneyBack,Buyer,,,,,,,,,,,,,,,,,,,,,,,,,,
Add,SET-2014,24541,,2014 Penn State Citizens Bank Buttons Season Set Complete,,,,2026-10-12 00:00:00,3000,"Pin, Button",Penn State Nittany Lions,2.25in,Football,Citizens Bank,Unisex Adult,Blue and white,Regular Season,James Franklin,,,,United States,,No,https://i.ebayimg.com/images/g/c~oAAeSw4QFpPckz/s-l1600.jpg,,,<p>Commemorate the 2014 Penn State Football season with the official Citizens Bank GameDay Buttons / Pins / Pinbacks. This set is complete.</p><p>Lion Eyes are Smiling</p><p>Lions Have it All Zipped Up</p><p>PSU Wipes Out Scarlet Fever</p><p>Minutemen Out of Time</p><p>Jynx the Lynx</p><p>Miss-again</p><p>Lions Snack on Buckeyes</p><p>No Hiding from Lions</p><p>Big Blue Beats Big Red</p><p>Lights Out for Owls</p><p>Hush the 'Noise</p><p>Michigan State is Lion Bait</p><p>The buttons were picked up from the bank and some worn to games. They have various imperfections that make them unique. Please inspect the photos and bid with confidence that I will take the utmost care of these items.</p>,FixedPrice,GTC,15.00,,,,,5,,16686,Flat,USPSParcel,7.00,0.50,Pickup,0.00,3,,,ReturnsAccepted,Days_30,MoneyBack,Buyer,,,,,,,,,,,,,,,,,,,,,,,,,,
Add,SET-2015,24541,,2015 Penn State Citizens Bank Buttons Season Set Complete w/ TaxSlayer Bowl Pin,,,,2026-10-12 00:00:00,3000,"Pin, Button",Penn State Nittany Lions,2.25in,Football,Citizens Bank,Unisex Adult,Blue and white,Bowl Game,James Franklin,,,,United States,,No,https://i.ebayimg.com/images/g/c~oAAeSw4QFpPckz/s-l1600.jpg,,,"<p>Commemorate the 2015 Penn State Football season with the official Citizens Bank GameDay Buttons / Pins / Pinbacks. This set is complete with a button for the 2016 TaxSlayer Bowl against the Georgia Bulldogs.</p><p>That's Owl She Wrote</p><p>Shuffle Off Buffalo</p><p>Knightly News: Lions Win</p><p>You Stay Classy San Diego</p><p>Goodnight Knights</p><p>Winners and Hoosiers</p><p>PSU Dots the “I” In Win</p><p>Turtle Soup</p><p>Champaign, You’re Toast</p><p>Lions Win Cat Fight</p><p>You Wish Mich</p><p>MSU Green With Envy</p><p>Lions Walk The Dawgs!</p><p>The buttons were picked up from the bank and some worn to games. They have various imperfections that make them unique. Please inspect the photos and bid with confidence that I will take the utmost care of these items.</p>",FixedPrice,GTC,25.00,,,,,3,,16686,Flat,USPSParcel,7.00,0.50,Pickup,0.00,3,,,ReturnsAccepted,Days_30,MoneyBack,Buyer,,,,,,,,,,,,,,,,,,,,,,,,,,
Add,SET-2016,24541,,2016 Penn State Citizens Bank Buttons Season Set Complete w/ Rose Bowl Pin USC,,,,2026-10-12 00:00:00,3000,"Pin, Button",Penn State Nittany Lions,2.25in,Football,Citizens Bank,Unisex Adult,Blue and white,Bowl Game,James Franklin,,,,United States,,No,https://i.ebayimg.com/images/g/c~oAAeSw4QFpPckz/s-l1600.jpg,,,<p>Commemorate the 2016 Penn State Football season with the official Citizens Bank GameDay Buttons / Pins / Pinbacks. This set is complete with a button for the 2017 Rose Bowl against the USC Trojans.</p><p>Gone In A Flash</p><p>Fail To Pitt</p><p>Lions Don’t Give a Hoot</p><p>Lions Prefer Direwolves</p><p>Au Revoir Gopher</p><p>No Fearing These Turtles</p><p>Lions Have Change For A Buck</p><p>Train Heist</p><p>All Hawk No Action</p><p>Stick To The Hoops</p><p>Good Knight Sleep Tight</p><p>This Isn’t Sparta</p><p>This Year Roses Are Blue</p><p>The buttons were picked up from the bank and some worn to games. They have various imperfections that make them unique. Please inspect the photos and bid with confidence that I will take the utmost care of these items.</p>,FixedPrice,GTC,25.00,,,,,3,,16686,Flat,USPSParcel,7.00,0.50,Pickup,0.00,3,,,ReturnsAccepted,Days_30,MoneyBack,Buyer,,,,,,,,,,,,,,,,,,,,,,,,,,
Add,SET-2017,24541,,2017 Penn State Citizens Bank Buttons Season Set Complete w/ Fiesta Bowl Pin,,,,2026-10-12 00:00:00,3000,"Pin, Button",Penn State Nittany Lions,2.25in,Football,Citizens Bank,Unisex Adult,Blue and white,Bowl Game,James Franklin,,,,United States,,No,https://i.ebayimg.com/images/g/c~oAAeSw4QFpPckz/s-l1600.jpg,,,<p>Commemorate the 2017 Penn State Football season with the official Citizens Bank GameDay Buttons / Pins / Pinbacks. This set is complete with a button for the 2017 Fiesta Bowl against the Washington Huskies.</p><p>Zip It</p><p>Panthers Go Meow</p><p>Back-to-Back Panther Declawing</p><p>Hawkward</p><p>Winners can’t be Hoosiers</p><p>Lions: Kings Among Cats</p><p>The Sky Isn’t Blue &amp; Yellow</p><p>O-HI-NO</p><p>Sparty Missed the Party</p><p>Knights get Lanced a Lot</p><p>Lions Husk Corn</p><p>Shelled and Discarded</p><p>Lions Fiesta Huskies Siesta</p><p>The buttons were picked up from the bank and some worn to games. They have various imperfections that make them unique. Please inspect the photos and bid with confidence that I will take the utmost care of these items.</p>,FixedPrice,GTC,20.00,,,,,2,,16686,Flat,USPSParcel,7.00,0.50,Pickup,0.00,3,,,ReturnsAccepted,Days_30,MoneyBack,Buyer,,,,,,,,,,,,,,,,,,,,,,,,,,
Add,SET-2018,24541,,2018 Penn State Citizens Bank Buttons Season Set Complete w/ Citrus Bowl Pin,,,,2026-10-12 00:00:00,3000,"Pin, Button",Penn State Nittany Lions,2.25in,Football,Citizens Bank,Unisex Adult,Blue and white,Bowl Game,James Franklin,,,,United States,,No,https://i.ebayimg.com/images/g/c~oAAeSw4QFpPckz/s-l1600.jpg,,,<p>Commemorate the 2018 Penn State Football season with the official Citizens Bank GameDay Buttons / Pins / Pinbacks. This set is complete with a button for the 2019 Citrus Bowl against the Kentucky Wildcats.</p><p>Back to Boone Soon</p><p>You Ain’t It</p><p>Flash in the Pan</p><p>Stop the ‘Nois</p><p>Bye-Bye Buckeyes</p><p>This Isn’t Sparta</p><p>Snooziers</p><p>I-O-Wouldn’t</p><p>Big House Razed</p><p>Stop Badgering Us</p><p>Stuck In a Rut</p><p>No Fear Here</p><p>They Meow. We Roar!</p><p>The buttons were picked up from the bank and some worn to games. They have various imperfections that make them unique. Please inspect the photos and bid with confidence that I will take the utmost care of these items.</p>,FixedPrice,GTC,25.00,,,,,2,,16686,Flat,USPSParcel,7.00,0.50,Pickup,0.00,3,,,ReturnsAccepted,Days_30,MoneyBack,Buyer,,,,,,,,,,,,,,,,,,,,,,,,,,
Add,SET-2019,24541,,2019 Penn State Citizens Bank Buttons Season Set Complete w/ Cotton Bowl Memphis,,,,2026-10-12 00:00:00,3000,"Pin, Button",Penn State Nittany Lions,2.25in,Football,Citizens Bank,Unisex Adult,Blue and white,Bowl Game,James Franklin,,,,United States,,No,https://i.ebayimg.com/images/g/c~oAAeSw4QFpPckz/s-l1600.jpg,,,<p>Commemorate the 2019 Penn State Football season with the official Citizens Bank GameDay Buttons / Pins / Pinbacks. This set is complete with a button for the 2019 Cotton Bowl against the Memphis Tigers.</p><p>Idaho’nt Think So</p><p>Sale of the Day: Ground Bison</p><p>#H2P Hail to Penn State</p><p>MARYland...more like SORRYland</p><p>Little Engine that Couldn’t</p><p>Hawkward</p><p>WHITE OUT extincts Wolverines</p><p>Coming to crash the Sparty</p><p>Go-pher another semester</p><p>Indiana? LOL</p><p>Don’t be a Nut...be a Lion!</p><p>GoodKnights</p><p>Make Memphis Sing the Blues</p><p>The buttons were picked up from the bank and some worn to games. They have various imperfections that make them unique. Please inspect the photos and bid with confidence that I will take the utmost care of these items.</p>,FixedPrice,GTC,25.00,,,,,3,,16686,Flat,USPSParcel,7.00,0.50,Pickup,0.00,3,,,ReturnsAccepted,Days_30,MoneyBack,Buyer,,,,,,,,,,,,,,,,,,,,,,,,,,
Add,SET-2020,24541,,2020 Penn State Citizens Bank Buttons Season Set Complete,,,,2026-10-12 00:00:00,3000,"Pin, Button",Penn State Nittany Lions,2.25in,Football,Citizens Bank,Unisex Adult,Blue and white,Regular Season,James Franklin,,,,United States,,No,https://i.ebayimg.com/images/g/c~oAAeSw4QFpPckz/s-l1600.jpg,,,"<p>Commemorate the 2020 Penn State Football season with the official Citizens Bank GameDay Buttons / Pins / Pinbacks. This set is complete.</p><p>Indiana has a team?</p><p>The Buck stops here</p><p>Soup du jour: Turtle</p><p>Lions Frost Corn Flakes</p><p>It’s about to get Hawkward</p><p>Just go away, Michigan</p><p>Good Knight, Scarlett</p><p>Sparty crashing for decades</p><p>The buttons were picked up from the bank and some worn to games. They have various imperfections that make them unique. Please inspect the photos and bid with confidence that I will take the utmost care of these items.</p>",FixedPrice,GTC,15.00,,,,,3,,16686,Flat,USPSParcel,7.00,0.50,Pickup,0.00,3,,,ReturnsAccepted,Days_30,MoneyBack,Buyer,,,,,,,,,,,,,,,,,,,,,,,,,,
Add,BOWL-1972,24541,,1972 Penn State Football Sugar Bowl Button Central Counties Bank Oklahoma,,,,2026-10-12 00:00:00,3000,"Pin, Button",Penn State Nittany Lions,2.25in,Football,Central Counties Bank,Unisex Adult,Blue and white,Bowl Game,Joe Paterno,,,,United States,Sugar Bowl,No,https://i.ebayimg.com/images/g/c~oAAeSw4QFpPckz/s-l1600.jpg,,,<p>Commemorate Penn State's 1972 Sugar Bowl against the Oklahoma Sooners with the official Central Counties Bank GameDay Button / Pin / Pinback from the 1972 season.</p><p>I'd Sooner Be A Nittany Lion</p><p>The buttons were picked up from the bank and some worn to games. They have various imperfections that make them unique. Please inspect the photos and bid with confidence that I will take the utmost care of these items.</p>,FixedPrice,GTC,10.00,,,,,5,,16686,Flat,USPSParcel,6.00,0.50,Pickup,0.00,3,,,ReturnsAccepted,Days_30,MoneyBack,Buyer,,,,,,,,,,,,,,,,,,,,,,,,,,
Add,BOWL-1973,24541,,1973 Penn State Football 1974 Orange Bowl Button Central Counties Bank LSU,,,,2026-10-12 00:00:00,3000,"Pin, Button",Penn State Nittany Lions,2.25in,Football,Central Counties Bank,Unisex Adult,Blue and white,Bowl Game,Joe Paterno,,,,United States,Orange Bowl,No,https://i.ebayimg.com/images/g/c~oAAeSw4QFpPckz/s-l1600.jpg,,,<p>Commemorate Penn State's 1974 Orange Bowl against the LSU Tigers with the official Central Counties Bank GameDay Button / Pin / Pinback from the 1973 season.</p><p>Go Lions! Tame The Tigers</p><p>The buttons were picked up from the bank and some worn to games. They have various imperfections that make them unique. Please inspect the photos and bid with confidence that I will take the utmost care of these items.</p>,FixedPrice,GTC,10.00,,,,,5,,16686,Flat,USPSParcel,6.00,0.50,Pickup,0.00,3,,,ReturnsAccepted,Days_30,MoneyBack,Buyer,,,,,,,,,,,,,,,,,,,,,,,,,,
Add,BOWL-1974,24541,,1974 Penn State Football 1975 Cotton Bowl Button Central Counties Bank Baylor,,,,2026-10-12 00:00:00,3000,"Pin, Button",Penn State Nittany Lions,2.25in,Football,Central Counties Bank,Unisex Adult,Blue and white,Bowl Game,Joe Paterno,,,,United States,Cotton Bowl,No,https://i.ebayimg.com/images/g/c~oAAeSw4QFpPckz/s-l1600.jpg,,,<p>Commemorate Penn State's 1975 Cotton Bowl against the Baylor Bears with the official Central Counties Bank GameDay Button / Pin / Pinback from the 1974 season.</p><p>Skin The Bears</p><p>The buttons were picked up from the bank and some worn to games. They have various imperfections that make them unique. Please inspect the photos and bid with confidence that I will take the utmost care of these items.</p>,FixedPrice,GTC,10.00,,,,,4,,16686,Flat,USPSParcel,6.00,0.50,Pickup,0.00,3,,,ReturnsAccepted,Days_30,MoneyBack,Buyer,,,,,,,,,,,,,,,,,,,,,,,,,,
Add,BOWL-1977,24541,,1977 Penn State Football Fiesta Bowl Button Central Counties Bank Arizona State,,,,2026-10-12 00:00:00,3000,"Pin, Button",Penn State Nittany Lions,2.25in,Football,Central Counties Bank,Unisex Adult,Blue and white,Bowl Game,Joe Paterno,,,,United States,Fiesta Bowl,No,https://i.ebayimg.com/images/g/c~oAAeSw4QFpPckz/s-l1600.jpg,,,<p>Commemorate Penn State's 1977 Fiesta Bowl against the Arizona State Sun Devils with the official Central Counties Bank GameDay Button / Pin / Pinback from the 1977 season.</p><p>Level The Devils</p><p>The buttons were picked up from the bank and some worn to games. They have various imperfections that make them unique. Please inspect the photos and bid with confidence that I will take the utmost care of these items.</p>,FixedPrice,GTC,10.00,,,,,5,,16686,Flat,USPSParcel,6.00,0.50,Pickup,0.00,3,,,ReturnsAccepted,Days_30,MoneyBack,Buyer,,,,,,,,,,,,,,,,,,,,,,,,,,
Add,BOWL-1978,24541,,1978 Penn State Football 1979 Sugar Bowl Button Central Counties Bank Alabama,,,,2026-10-12 00:00:00,3000,"Pin, Button",Penn State Nittany Lions,2.25in,Football,Central Counties Bank,Unisex Adult,Blue and white,Bowl Game,Joe Paterno,,,,United States,Sugar Bowl,No,https://i.ebayimg.com/images/g/c~oAAeSw4QFpPckz/s-l1600.jpg,,,<p>Commemorate Penn State's 1979 Sugar Bowl against the Alabama Crimson Tide with the official Central Counties Bank GameDay Button / Pin / Pinback from the 1978 season.</p><p>Lion Power</p><p>The buttons were picked up from the bank and some worn to games. They have various imperfections that make them unique. Please inspect the photos and bid with confidence that I will take the utmost care of these items.</p>,FixedPrice,GTC,10.00,,,,,5,,16686,Flat,USPSParcel,6.00,0.50,Pickup,0.00,3,,,ReturnsAccepted,Days_30,MoneyBack,Buyer,,,,,,,,,,,,,,,,,,,,,,,,,,
Add,BOWL-1979,24541,,1979 Penn State Football Liberty Bowl Button Central Counties Bank Tulane,,,,2026-10-12 00:00:00,3000,"Pin, Button",Penn State Nittany Lions,2.25in,Football,Central Counties Bank,Unisex Adult,Blue and white,Bowl Game,Joe Paterno,,,,United States,Liberty Bowl,No,https://i.ebayimg.com/images/g/c~oAAeSw4QFpPckz/s-l1600.jpg,,,<p>Commemorate Penn State's 1979 Liberty Bowl against the Tulane Green Wave with the official Central Counties Bank GameDay Button / Pin / Pinback from the 1979 season.</p><p>Wave Goodbye</p><p>The buttons were picked up from the bank and some worn to games. They have various imperfections that make them unique. Please inspect the photos and bid with confidence that I will take the utmost care of these items.</p>,FixedPrice,GTC,10.00,,,,,5,,16686,Flat,USPSParcel,6.00,0.50,Pickup,0.00,3,,,ReturnsAccepted,Days_30,MoneyBack,Buyer,,,,,,,,,,,,,,,,,,,,,,,,,,
Add,BOWL-1980,24541,,1980 Penn State Football Fiesta Bowl Button Central Counties Bank Ohio State,,,,2026-10-12 00:00:00,3000,"Pin, Button",Penn State Nittany Lions,2.25in,Football,Central Counties Bank,Unisex Adult,Blue and white,Bowl Game,Joe Paterno,,,,United States,Fiesta Bowl,No,https://i.ebayimg.com/images/g/c~oAAeSw4QFpPckz/s-l1600.jpg,,,<p>Commemorate Penn State's 1980 Fiesta Bowl against the Ohio State Buckeyes with the official Central Counties Bank GameDay Button / Pin / Pinback from the 1980 season.</p><p>Bye-Bye Buckeyes</p><p>The buttons were picked up from the bank and some worn to games. They have various imperfections that make them unique. Please inspect the photos and bid with confidence that I will take the utmost care of these items.</p>,FixedPrice,GTC,10.00,,,,,5,,16686,Flat,USPSParcel,6.00,0.50,Pickup,0.00,3,,,ReturnsAccepted,Days_30,MoneyBack,Buyer,,,,,,,,,,,,,,,,,,,,,,,,,,
Add,BOWL-1981,24541,,1981 Penn State Football 1982 Fiesta Bowl Button Central Counties Bank USC,,,,2026-10-12 00:00:00,3000,"Pin, Button",Penn State Nittany Lions,2.25in,Football,Central Counties Bank,Unisex Adult,Blue and white,Bowl Game,Joe Paterno,,,,United States,Fiesta Bowl,No,https://i.ebayimg.com/images/g/c~oAAeSw4QFpPckz/s-l1600.jpg,,,<p>Commemorate Penn State's 1982 Fiesta Bowl against the USC Trojans with the official Central Counties Bank GameDay Button / Pin / Pinback from the 1981 season.</p><p>Torch The Trojans</p><p>The buttons were picked up from the bank and some worn to games. They have various imperfections that make them unique. Please inspect the photos and bid with confidence that I will take the utmost care of these items.</p>,FixedPrice,GTC,10.00,,,,,5,,16686,Flat,USPSParcel,6.00,0.50,Pickup,0.00,3,,,ReturnsAccepted,Days_30,MoneyBack,Buyer,,,,,,,,,,,,,,,,,,,,,,,,,,
Add,BOWL-1982,24541,,1982 Penn State Football 1983 Sugar Bowl Button Central Counties Bank Georgia,,,,2026-10-12 00:00:00,3000,"Pin, Button",Penn State Nittany Lions,2.25in,Football,Central Counties Bank,Unisex Adult,Blue and white,Bowl Game,Joe Paterno,,,,United States,Sugar Bowl,No,https://i.ebayimg.com/images/g/c~oAAeSw4QFpPckz/s-l1600.jpg,,,<p>Commemorate Penn State's 1983 Sugar Bowl against the Georgia Bulldogs with the official Central Counties Bank GameDay Button / Pin / Pinback from the 1982 season.</p><p>Lions #1 No Bull!</p><p>The buttons were picked up from the bank and some worn to games. They have various imperfections that make them unique. Please inspect the photos and bid with confidence that I will take the utmost care of these items.</p>,FixedPrice,GTC,10.00,,,,,3,,16686,Flat,USPSParcel,6.00,0.50,Pickup,0.00,3,,,ReturnsAccepted,Days_30,MoneyBack,Buyer,,,,,,,,,,,,,,,,,,,,,,,,,,
Add,BOWL-1987,24541,,1987 Penn State Football 1988 Citrus Bowl Button Mellon Bank Clemson Tigers,,,,2026-10-12 00:00:00,3000,"Pin, Button",Penn State Nittany Lions,2.25in,Football,Mellon Bank,Unisex Adult,Blue and white,Bowl Game,Joe Paterno,,,,United States,Citrus Bowl,No,https://i.ebayimg.com/images/g/c~oAAeSw4QFpPckz/s-l1600.jpg,,,<p>Commemorate Penn State's 1988 Citrus Bowl against the Clemson Tigers with the official Mellon Bank GameDay Button / Pin / Pinback from the 1987 season.</p><p>Lions Pride Take Clemson's Hide</p><p>The buttons were picked up from the bank and some worn to games. They have various imperfections that make them unique. Please inspect the photos and bid with confidence that I will take the utmost care of these items.</p>,FixedPrice,GTC,10.00,,,,,5,,16686,Flat,USPSParcel,6.00,0.50,Pickup,0.00,3,,,ReturnsAccepted,Days_30,MoneyBack,Buyer,,,,,,,,,,,,,,,,,,,,,,,,,,
Add,BOWL-1989,24541,,1989 Penn State Football Holiday Bowl Button Mellon Bank BYU Cougars,,,,2026-10-12 00:00:00,3000,"Pin, Button",Penn State Nittany Lions,2.25in,Football,Mellon Bank,Unisex Adult,Blue and white,Bowl Game,Joe Paterno,,,,United States,Holiday Bowl,No,https://i.ebayimg.com/images/g/c~oAAeSw4QFpPckz/s-l1600.jpg,,,<p>Commemorate Penn State's 1989 Holiday Bowl against the BYU Cougars with the official Mellon Bank GameDay Button / Pin / Pinback from the 1989 season.</p><p>Blue By U</p><p>The buttons were picked up from the bank and some worn to games. They have various imperfections that make them unique. Please inspect the photos and bid with confidence that I will take the utmost care of these items.</p>,FixedPrice,GTC,10.00,,,,,5,,16686,Flat,USPSParcel,6.00,0.50,Pickup,0.00,3,,,ReturnsAccepted,Days_30,MoneyBack,Buyer,,,,,,,,,,,,,,,,,,,,,,,,,,
Add,BOWL-1990,24541,,1990 Penn State Football Blockbuster Bowl Button Mellon Bank Florida State,,,,2026-10-12 00:00:00,3000,"Pin, Button",Penn State Nittany Lions,2.25in,Football,Mellon Bank,Unisex Adult,Blue and white,Bowl Game,Joe Paterno,,,,United States,Blockbuster Bowl,No,https://i.ebayimg.com/images/g/c~oAAeSw4QFpPckz/s-l1600.jpg,,,<p>Commemorate Penn State's 1990 Blockbuster Bowl against the Florida State Seminoles with the official Mellon Bank GameDay Button / Pin / Pinback from the 1990 season.</p><p>Ambushed--Lion Style</p><p>The buttons were picked up from the bank and some worn to games. They have various imperfections that make them unique. Please inspect the photos and bid with confidence that I will take the utmost care of these items.</p>,FixedPrice,GTC,5.00,,,,,5,,16686,Flat,USPSParcel,6.00,0.50,Pickup,0.00,3,,,ReturnsAccepted,Days_30,MoneyBack,Buyer,,,,,,,,,,,,,,,,,,,,,,,,,,
Add,BOWL-1991,24541,,1991 Penn State Football 1992 Fiesta Bowl Button Mellon Bank Tennessee,,,,2026-10-12 00:00:00,3000,"Pin, Button",Penn State Nittany Lions,2.25in,Football,Mellon Bank,Unisex Adult,Blue and white,Bowl Game,Joe Paterno,,,,United States,Fiesta Bowl,No,https://i.ebayimg.com/images/g/c~oAAeSw4QFpPckz/s-l1600.jpg,,,<p>Commemorate Penn State's 1992 Fiesta Bowl against the Tennessee Volunteers with the official Mellon Bank GameDay Button / Pin / Pinback from the 1991 season.</p><p>PSU- The Besta Fiesta</p><p>The buttons were picked up from the bank and some worn to games. They have various imperfections that make them unique. Please inspect the photos and bid with confidence that I will take the utmost care of these items.</p>,FixedPrice,GTC,5.00,,,,,5,,16686,Flat,USPSParcel,6.00,0.50,Pickup,0.00,3,,,ReturnsAccepted,Days_30,MoneyBack,Buyer,,,,,,,,,,,,,,,,,,,,,,,,,,
Add,BOWL-1992,24541,,1992 Penn State Football 1993 Blockbuster Bowl Button Mellon Bank Stanford,,,,2026-10-12 00:00:00,3000,"Pin, Button",Penn State Nittany Lions,2.25in,Football,Mellon Bank,Unisex Adult,Blue and white,Bowl Game,Joe Paterno,,,,United States,Blockbuster Bowl,No,https://i.ebayimg.com/images/g/c~oAAeSw4QFpPckz/s-l1600.jpg,,,<p>Commemorate Penn State's 1993 Blockbuster Bowl against the Stanford Cardinal with the official Mellon Bank GameDay Button / Pin / Pinback from the 1992 season.</p><p>Penn State and Proud of it</p><p>The buttons were picked up from the bank and some worn to games. They have various imperfections that make them unique. Please inspect the photos and bid with confidence that I will take the utmost care of these items.</p>,FixedPrice,GTC,5.00,,,,,5,,16686,Flat,USPSParcel,6.00,0.50,Pickup,0.00,3,,,ReturnsAccepted,Days_30,MoneyBack,Buyer,,,,,,,,,,,,,,,,,,,,,,,,,,
Add,BOWL-1993,24541,,1993 Penn State Football 1994 Citrus Bowl Button Mellon Bank Tennessee,,,,2026-10-12 00:00:00,3000,"Pin, Button",Penn State Nittany Lions,2.25in,Football,Mellon Bank,Unisex Adult,Blue and white,Bowl Game,Joe Paterno,,,,United States,Citrus Bowl,No,https://i.ebayimg.com/images/g/c~oAAeSw4QFpPckz/s-l1600.jpg,,,<p>Commemorate Penn State's 1994 Citrus Bowl against the Tennessee Volunteers with the official Mellon Bank GameDay Button / Pin / Pinback from the 1993 season.</p><p>Don't Volunteer for Lion Duty</p><p>The buttons were picked up from the bank and some worn to games. They have various imperfections that make them unique. Please inspect the photos and bid with confidence that I will take the utmost care of these items.</p>,FixedPrice,GTC,5.00,,,,,5,,16686,Flat,USPSParcel,6.00,0.50,Pickup,0.00,3,,,ReturnsAccepted,Days_30,MoneyBack,Buyer,,,,,,,,,,,,,,,,,,,,,,,,,,
Add,BOWL-1995,24541,,1995 Penn State Football 1996 Outback Bowl Button Mellon Bank Auburn Tigers,,,,2026-10-12 00:00:00,3000,"Pin, Button",Penn State Nittany Lions,2.25in,Football,Mellon Bank,Unisex Adult,Blue and white,Bowl Game,Joe Paterno,,,,United States,Outback Bowl,No,https://i.ebayimg.com/images/g/c~oAAeSw4QFpPckz/s-l1600.jpg,,,<p>Commemorate Penn State's 1996 Outback Bowl against the Auburn Tigers with the official Mellon Bank GameDay Button / Pin / Pinback from the 1995 season.</p><p>PSU-Topcats of the Outback</p><p>The buttons were picked up from the bank and some worn to games. They have various imperfections that make them unique. Please inspect the photos and bid with confidence that I will take the utmost care of these items.</p>,FixedPrice,GTC,5.00,,,,,5,,16686,Flat,USPSParcel,6.00,0.50,Pickup,0.00,3,,,ReturnsAccepted,Days_30,MoneyBack,Buyer,,,,,,,,,,,,,,,,,,,,,,,,,,
Add,BOWL-1996,24541,,1996 Penn State Football 1997 Fiesta Bowl Button Mellon Bank Texas Longhorns,,,,2026-10-12 00:00:00,3000,"Pin, Button",Penn State Nittany Lions,2.25in,Football,Mellon Bank,Unisex Adult,Blue and white,Bowl Game,Joe Paterno,,,,United States,Fiesta Bowl,No,https://i.ebayimg.com/images/g/c~oAAeSw4QFpPckz/s-l1600.jpg,,,<p>Commemorate Penn State's 1997 Fiesta Bowl against the Texas Longhorns with the official Mellon Bank GameDay Button / Pin / Pinback from the 1996 season.</p><p>PSU Fiesta - Texas Siesta</p><p>The buttons were picked up from the bank and some worn to games. They have various imperfections that make them unique. Please inspect the photos and bid with confidence that I will take the utmost care of these items.</p>,FixedPrice,GTC,5.00,,,,,5,,16686,Flat,USPSParcel,6.00,0.50,Pickup,0.00,3,,,ReturnsAccepted,Days_30,MoneyBack,Buyer,,,,,,,,,,,,,,,,,,,,,,,,,,
Add,BOWL-1997,24541,,1997 Penn State Football 1998 Citrus Bowl Button Mellon Bank Florida Gators,,,,2026-10-12 00:00:00,3000,"Pin, Button",Penn State Nittany Lions,2.25in,Football,Mellon Bank,Unisex Adult,Blue and white,Bowl Game,Joe Paterno,,,,United States,Citrus Bowl,No,https://i.ebayimg.com/images/g/c~oAAeSw4QFpPckz/s-l1600.jpg,,,"<p>Commemorate Penn State's 1998 Citrus Bowl against the Florida Gators with the official Mellon Bank GameDay Button / Pin / Pinback from the 1997 season.</p><p>See Ya Later, Gators</p><p>The buttons were picked up from the bank and some worn to games. They have various imperfections that make them unique. Please inspect the photos and bid with confidence that I will take the utmost care of these items.</p>",FixedPrice,GTC,5.00,,,,,5,,16686,Flat,USPSParcel,6.00,0.50,Pickup,0.00,3,,,ReturnsAccepted,Days_30,MoneyBack,Buyer,,,,,,,,,,,,,,,,,,,,,,,,,,
Add,BOWL-1998,24541,,1998 Penn State Football 1999 Outback Bowl Button Mellon Bank Kentucky Wildcats,,,,2026-10-12 00:00:00,3000,"Pin, Button",Penn State Nittany Lions,2.25in,Football,Mellon Bank,Unisex Adult,Blue and white,Bowl Game,Joe Paterno,,,,United States,Outback Bowl,No,https://i.ebayimg.com/images/g/c~oAAeSw4QFpPckz/s-l1600.jpg,,,<p>Commemorate Penn State's 1999 Outback Bowl against the Kentucky Wildcats with the official Mellon Bank GameDay Button / Pin / Pinback from the 1998 season.</p><p>Lions Purrfection…Wildcat's Dejection</p><p>The buttons were picked up from the bank and some worn to games. They have various imperfections that make them unique. Please inspect the photos and bid with confidence that I will take the utmost care of these items.</p>,FixedPrice,GTC,5.00,,,,,5,,16686,Flat,USPSParcel,6.00,0.50,Pickup,0.00,3,,,ReturnsAccepted,Days_30,MoneyBack,Buyer,,,,,,,,,,,,,,,,,,,,,,,,,,
Add,BOWL-1999,24541,,1999 Penn State Football Alamo Bowl Button Mellon Bank Texas A&M Aggies,,,,2026-10-12 00:00:00,3000,"Pin, Button",Penn State Nittany Lions,2.25in,Football,Mellon Bank,Unisex Adult,Blue and white,Bowl Game,Joe Paterno,,,,United States,Alamo Bowl,No,https://i.ebayimg.com/images/g/c~oAAeSw4QFpPckz/s-l1600.jpg,,,<p>Commemorate Penn State's 1999 Alamo Bowl against the Texas A&amp;M Aggies with the official Mellon Bank GameDay Button / Pin / Pinback from the 1999 season.</p><p>Remember The LIONS!</p><p>The buttons were picked up from the bank and some worn to games. They have various imperfections that make them unique. Please inspect the photos and bid with confidence that I will take the utmost care of these items.</p>,FixedPrice,GTC,5.00,,,,,5,,16686,Flat,USPSParcel,6.00,0.50,Pickup,0.00,3,,,ReturnsAccepted,Days_30,MoneyBack,Buyer,,,,,,,,,,,,,,,,,,,,,,,,,,
Add,BOWL-2002,24541,,2002 Penn State Football 2003 Capital One Bowl Button Citizens Bank Auburn,,,,2026-10-12 00:00:00,3000,"Pin, Button",Penn State Nittany Lions,2.25in,Football,Citizens Bank,Unisex Adult,Blue and white,Bowl Game,Joe Paterno,,,,United States,Capital One Bowl,No,https://i.ebayimg.com/images/g/c~oAAeSw4QFpPckz/s-l1600.jpg,,,<p>Commemorate Penn State's 2003 Capital One Bowl against the Auburn Tigers with the official Citizens Bank GameDay Button / Pin / Pinback from the 2002 season.</p><p>Lions Win Catfight!</p><p>The buttons were picked up from the bank and some worn to games. They have various imperfections that make them unique. Please inspect the photos and bid with confidence that I will take the utmost care of these items.</p>,FixedPrice,GTC,5.00,,,,,5,,16686,Flat,USPSParcel,6.00,0.50,Pickup,0.00,3,,,ReturnsAccepted,Days_30,MoneyBack,Buyer,,,,,,,,,,,,,,,,,,,,,,,,,,
Add,BOWL-2006,24541,,2006 Penn State Football 2007 Outback Bowl Button Citizens Bank Tennessee,,,,2026-10-12 00:00:00,3000,"Pin, Button",Penn State Nittany Lions,2.25in,Football,Citizens Bank,Unisex Adult,Blue and white,Bowl Game,Joe Paterno,,,,United States,Outback Bowl,No,https://i.ebayimg.com/images/g/c~oAAeSw4QFpPckz/s-l1600.jpg,,,<p>Commemorate Penn State's 2007 Outback Bowl against the Tennessee Volunteers with the official Citizens Bank GameDay Button / Pin / Pinback from the 2006 season.</p><p>Here Come The Voluntears</p><p>The buttons were picked up from the bank and some worn to games. They have various imperfections that make them unique. Please inspect the photos and bid with confidence that I will take the utmost care of these items.</p>,FixedPrice,GTC,5.00,,,,,5,,16686,Flat,USPSParcel,6.00,0.50,Pickup,0.00,3,,,ReturnsAccepted,Days_30,MoneyBack,Buyer,,,,,,,,,,,,,,,,,,,,,,,,,,
Add,BOWL-2008,24541,,2008 Penn State Football 2009 Rose Bowl Button Citizens Bank USC Trojans,,,,2026-10-12 00:00:00,3000,"Pin, Button",Penn State Nittany Lions,2.25in,Football,Citizens Bank,Unisex Adult,Blue and white,Bowl Game,Joe Paterno,,,,United States,Rose Bowl,No,https://i.ebayimg.com/images/g/c~oAAeSw4QFpPckz/s-l1600.jpg,,,<p>Commemorate Penn State's 2009 Rose Bowl against the USC Trojans with the official Citizens Bank GameDay Button / Pin / Pinback from the 2008 season.</p><p>USC-U-Later</p><p>The buttons were picked up from the bank and some worn to games. They have various imperfections that make them unique. Please inspect the photos and bid with confidence that I will take the utmost care of these items.</p>,FixedPrice,GTC,5.00,,,,,5,,16686,Flat,USPSParcel,6.00,0.50,Pickup,0.00,3,,,ReturnsAccepted,Days_30,MoneyBack,Buyer,,,,,,,,,,,,,,,,,,,,,,,,,,
Add,BOWL-2009,24541,,2009 Penn State Football 2010 Capital One Bowl Button Citizens Bank LSU Tigers,,,,2026-10-12 00:00:00,3000,"Pin, Button",Penn State Nittany Lions,2.25in,Football,Citizens Bank,Unisex Adult,Blue and white,Bowl Game,Joe Paterno,,,,United States,Capital One Bowl,No,https://i.ebayimg.com/images/g/c~oAAeSw4QFpPckz/s-l1600.jpg,,,"<p>Commemorate Penn State's 2010 Capital One Bowl against the LSU Tigers with the official Citizens Bank GameDay Button / Pin / Pinback from the 2009 season.</p><p>Lions Tame Tigers, Oh My!</p><p>The buttons were picked up from the bank and some worn to games. They have various imperfections that make them unique. Please inspect the photos and bid with confidence that I will take the utmost care of these items.</p>",FixedPrice,GTC,5.00,,,,,5,,16686,Flat,USPSParcel,6.00,0.50,Pickup,0.00,3,,,ReturnsAccepted,Days_30,MoneyBack,Buyer,,,,,,,,,,,,,,,,,,,,,,,,,,
Add,BOWL-2010,24541,,2010 Penn State Football 2011 Outback Bowl Button Citizens Bank Florida Gators,,,,2026-10-12 00:00:00,3000,"Pin, Button",Penn State Nittany Lions,2.25in,Football,Citizens Bank,Unisex Adult,Blue and white,Bowl Game,Joe Paterno,,,,United States,Outback Bowl,No,https://i.ebayimg.com/images/g/c~oAAeSw4QFpPckz/s-l1600.jpg,,,<p>Commemorate Penn State's 2011 Outback Bowl against the Florida Gators with the official Citizens Bank GameDay Button / Pin / Pinback from the 2010 season.</p><p>Later Gators</p><p>The buttons were picked up from the bank and some worn to games. They have various imperfections that make them unique. Please inspect the photos and bid with confidence that I will take the utmost care of these items.</p>,FixedPrice,GTC,5.00,,,,,3,,16686,Flat,USPSParcel,6.00,0.50,Pickup,0.00,3,,,ReturnsAccepted,Days_30,MoneyBack,Buyer,,,,,,,,,,,,,,,,,,,,,,,,,,
Add,BOWL-2015,24541,,2015 Penn State Football 2016 TaxSlayer Bowl Button Citizens Bank Georgia,,,,2026-10-12 00:00:00,3000,"Pin, Button",Penn State Nittany Lions,2.25in,Football,Citizens Bank,Unisex Adult,Blue and white,Bowl Game,James Franklin,,,,United States,TaxSlayer Bowl,No,https://i.ebayimg.com/images/g/c~oAAeSw4QFpPckz/s-l1600.jpg,,,<p>Commemorate Penn State's 2016 TaxSlayer Bowl against the Georgia Bulldogs with the official Citizens Bank GameDay Button / Pin / Pinback from the 2015 season.</p><p>Lions Walk The Dawgs!</p><p>The buttons were picked up from the bank and some worn to games. They have various imperfections that make them unique. Please inspect the photos and bid with confidence that I will take the utmost care of these items.</p>,FixedPrice,GTC,5.00,,,,,5,,16686,Flat,USPSParcel,6.00,0.50,Pickup,0.00,3,,,ReturnsAccepted,Days_30,MoneyBack,Buyer,,,,,,,,,,,,,,,,,,,,,,,,,,
Add,BOWL-2016,24541,,2016 Penn State Football 2017 Rose Bowl Button Citizens Bank USC Trojans,,,,2026-10-12 00:00:00,3000,"Pin, Button",Penn State Nittany Lions,2.25in,Football,Citizens Bank,Unisex Adult,Blue and white,Bowl Game,James Franklin,,,,United States,Rose Bowl,No,https://i.ebayimg.com/images/g/c~oAAeSw4QFpPckz/s-l1600.jpg,,,<p>Commemorate Penn State's 2017 Rose Bowl against the USC Trojans with the official Citizens Bank GameDay Button / Pin / Pinback from the 2016 season.</p><p>This Year Roses Are Blue</p><p>The buttons were picked up from the bank and some worn to games. They have various imperfections that make them unique. Please inspect the photos and bid with confidence that I will take the utmost care of these items.</p>,FixedPrice,GTC,5.00,,,,,5,,16686,Flat,USPSParcel,6.00,0.50,Pickup,0.00,3,,,ReturnsAccepted,Days_30,MoneyBack,Buyer,,,,,,,,,,,,,,,,,,,,,,,,,,
Add,BOWL-2017,24541,,2017 Penn State Football Fiesta Bowl Button Citizens Bank Washington Huskies,,,,2026-10-12 00:00:00,3000,"Pin, Button",Penn State Nittany Lions,2.25in,Football,Citizens Bank,Unisex Adult,Blue and white,Bowl Game,James Franklin,,,,United States,Fiesta Bowl,No,https://i.ebayimg.com/images/g/c~oAAeSw4QFpPckz/s-l1600.jpg,,,<p>Commemorate Penn State's 2017 Fiesta Bowl against the Washington Huskies with the official Citizens Bank GameDay Button / Pin / Pinback from the 2017 season.</p><p>Lions Fiesta Huskies Siesta</p><p>The buttons were picked up from the bank and some worn to games. They have various imperfections that make them unique. Please inspect the photos and bid with confidence that I will take the utmost care of these items.</p>,FixedPrice,GTC,5.00,,,,,3,,16686,Flat,USPSParcel,6.00,0.50,Pickup,0.00,3,,,ReturnsAccepted,Days_30,MoneyBack,Buyer,,,,,,,,,,,,,,,,,,,,,,,,,,
Add,BOWL-2019,24541,,2019 Penn State Football Cotton Bowl Button Citizens Bank Memphis Tigers,,,,2026-10-12 00:00:00,3000,"Pin, Button",Penn State Nittany Lions,2.25in,Football,Citizens Bank,Unisex Adult,Blue and white,Bowl Game,James Franklin,,,,United States,Cotton Bowl,No,https://i.ebayimg.com/images/g/c~oAAeSw4QFpPckz/s-l1600.jpg,,,<p>Commemorate Penn State's 2019 Cotton Bowl against the Memphis Tigers with the official Citizens Bank GameDay Button / Pin / Pinback from the 2019 season.</p><p>Make Memphis Sing the Blues</p><p>The buttons were picked up from the bank and some worn to games. They have various imperfections that make them unique. Please inspect the photos and bid with confidence that I will take the utmost care of these items.</p>,FixedPrice,GTC,5.00,,,,,5,,16686,Flat,USPSParcel,6.00,0.50,Pickup,0.00,3,,,ReturnsAccepted,Days_30,MoneyBack,Buyer,,,,,,,,,,,,,,,,,,,,,,,,,,
Add,BOWL-2021,24541,,2021 Penn State Football 2022 Outback Bowl Button Citizens Bank Arkansas,,,,2026-10-12 00:00:00,3000,"Pin, Button",Penn State Nittany Lions,2.25in,Football,Citizens Bank,Unisex Adult,Blue and white,Bowl Game,James Franklin,,,,United States,Outback Bowl,No,https://i.ebayimg.com/images/g/c~oAAeSw4QFpPckz/s-l1600.jpg,,,<p>Commemorate Penn State's 2022 Outback Bowl against the Arkansas Razorbacks with the official Citizens Bank GameDay Button / Pin / Pinback from the 2021 season.</p><p>New Year's Day Pig Roast</p><p>The buttons were picked up from the bank and some worn to games. They have various imperfections that make them unique. Please inspect the photos and bid with confidence that I will take the utmost care of these items.</p>,FixedPrice,GTC,5.00,,,,,5,,16686,Flat,USPSParcel,6.00,0.50,Pickup,0.00,3,,,ReturnsAccepted,Days_30,MoneyBack,Buyer,,,,,,,,,,,,,,,,,,,,,,,,,,
Add,BOWL-2023,24541,,2023 Penn State Football Peach Bowl Button Citizens Bank Ole Miss Rebels,,,,2026-10-12 00:00:00,3000,"Pin, Button",Penn State Nittany Lions,2.25in,Football,Citizens Bank,Unisex Adult,Blue and white,Bowl Game,James Franklin,,,,United States,Peach Bowl,No,https://i.ebayimg.com/images/g/c~oAAeSw4QFpPckz/s-l1600.jpg,,,"<p>Commemorate Penn State's 2023 Peach Bowl against the Ole Miss Rebels with the official Citizens Bank GameDay Button / Pin / Pinback from the 2023 season.</p><p>Lions Leave Rebels S""PEACH""LESS</p><p>The buttons were picked up from the bank and some worn to games. They have various imperfections that make them unique. Please inspect the photos and bid with confidence that I will take the utmost care of these items.</p>",FixedPrice,GTC,6.00,,,,,5,,16686,Flat,USPSParcel,6.00,0.50,Pickup,0.00,3,,,ReturnsAccepted,Days_30,MoneyBack,Buyer,,,,,,,,,,,,,,,,,,,,,,,,,,
Add,BOWL-2024,24541,,2024 Penn State Football CFP Fiesta Bowl Button Citizens Bank Boise State,,,,2026-10-12 00:00:00,3000,"Pin, Button",Penn State Nittany Lions,2.25in,Football,Citizens Bank,Unisex Adult,Blue and white,Bowl Game,James Franklin,,,,United States,Fiesta Bowl,No,https://i.ebayimg.com/images/g/c~oAAeSw4QFpPckz/s-l1600.jpg,,,<p>Commemorate Penn State's 2024 Fiesta Bowl (College Football Playoff quarterfinal) against the Boise State Broncos with the official Citizens Bank GameDay Button / Pin / Pinback from the 2024 season.</p><p>Lions Buck The Bronco's</p><p>The buttons were picked up from the bank and some worn to games. They have various imperfections that make them unique. Please inspect the photos and bid with confidence that I will take the utmost care of these items.</p>,FixedPrice,GTC,6.00,,,,,5,,16686,Flat,USPSParcel,6.00,0.50,Pickup,0.00,3,,,ReturnsAccepted,Days_30,MoneyBack,Buyer,,,,,,,,,,,,,,,,,,,,,,,,,,
Add,BOWL-2024-CFP1,24541,,2024 Penn State Football CFP First Round Button Citizens Bank SMU Mustangs,,,,2026-10-12 00:00:00,3000,"Pin, Button",Penn State Nittany Lions,2.25in,Football,Citizens Bank,Unisex Adult,Blue and white,Playoffs,James Franklin,,,,United States,College Football Playoff,No,https://i.ebayimg.com/images/g/c~oAAeSw4QFpPckz/s-l1600.jpg,,,<p>Commemorate Penn State's 2024 College Football Playoff first round game against the SMU Mustangs with the official Citizens Bank GameDay Button / Pin / Pinback from the 2024 season.</p><p>SM WHO</p><p>The buttons were picked up from the bank and some worn to games. They have various imperfections that make them unique. Please inspect the photos and bid with confidence that I will take the utmost care of these items.</p>,FixedPrice,GTC,10.00,,,,,5,,16686,Flat,USPSParcel,6.00,0.50,Pickup,0.00,3,,,ReturnsAccepted,Days_30,MoneyBack,Buyer,,,,,,,,,,,,,,,,,,,,,,,,,,
Add,BOWL-2025,24541,,2025 Penn State Football Pinstripe Bowl Button Citizens Bank,,,,2026-10-12 00:00:00,3000,"Pin, Button",Penn State Nittany Lions,2.25in,Football,Citizens Bank,Unisex Adult,Blue and white,Bowl Game,James Franklin,,,,United States,Pinstripe Bowl,No,https://i.ebayimg.com/images/g/c~oAAeSw4QFpPckz/s-l1600.jpg,,,<p>Commemorate Penn State's 2025 Pinstripe Bowl with the official Citizens Bank GameDay Button / Pin / Pinback from the 2025 season.</p><p>Lions De-Stripe Tigers</p><p>The buttons were picked up from the bank and some worn to games. They have various imperfections that make them unique. Please inspect the photos and bid with confidence that I will take the utmost care of these items.</p>,FixedPrice,GTC,10.00,,,,,4,,16686,Flat,USPSParcel,6.00,0.50,Pickup,0.00,3,,,ReturnsAccepted,Days_30,MoneyBack,Buyer,,,,,,,,,,,,,,,,,,,,,,,,,,
Add,JOE-SET,24541,,Joe Paterno Penn State Bank Buttons Set of 12 Central Counties Mellon Citizens,,,,2026-10-12 00:00:00,3000,"Pin, Button",Penn State Nittany Lions,2.25in,Football,"Central Counties Bank, Mellon Bank, Citizens Bank",Unisex Adult,Blue and white,Regular Season,Joe Paterno,,,,United States,,No,https://i.ebayimg.com/images/g/c~oAAeSw4QFpPckz/s-l1600.jpg,,,"<p>Commemorate Joe Paterno with this set of 12 official Penn State Football GameDay Buttons / Pins / Pinbacks about JoePa, from Central Counties Bank, Mellon Bank and Citizens Bank, 1980 to 2011. The set is sold unframed.</p><p>Juice for Joe (1980, Central Counties Bank)</p><p>St. Paterno's Day (1981, Central Counties Bank)</p><p>'Terno The Tide (1983, Central Counties Bank)</p><p>How Now Brown? (1983, Central Counties Bank)</p><p>Italian Eyes Smiling (1983, Central Counties Bank)</p><p>JOERONIMO! (1984, Mellon Bank)</p><p>O.J. for Joe (1985, Mellon Bank)</p><p>Joe Pa's In, Tide's Out (1987, Mellon Bank)</p><p>Feather's In Joe's Cap (1999, Mellon Bank)</p><p>Joe's Our Man...Hoosiers? (2002, Citizens Bank)</p><p>Panthers Fear Joe Paws (2009, Citizens Bank)</p><p>Stifle the Nois (2011, Citizens Bank)</p><p>The buttons were picked up from the bank and some worn to games. They have various imperfections that make them unique. Please inspect the photos and bid with confidence that I will take the utmost care of these items.</p>",FixedPrice,GTC,45.00,,,,,1,,16686,Flat,USPSParcel,7.00,0.50,Pickup,0.00,3,,,ReturnsAccepted,Days_30,MoneyBack,Buyer,,,,,,,,,,,,,,,,,,,,,,,,,,
Add,JOE-1980-JUICE-FOR-JOE,24541,,"1980 Penn State Joe Paterno Button Central Counties Bank Pin ""Juice for Joe""",,,,2026-10-12 00:00:00,3000,"Pin, Button",Penn State Nittany Lions,2.25in,Football,Central Counties Bank,Unisex Adult,Blue and white,Regular Season,Joe Paterno,,,,United States,,No,https://i.ebayimg.com/images/g/c~oAAeSw4QFpPckz/s-l1600.jpg,,,<p>Commemorate Joe Paterno with the official Central Counties Bank GameDay Button / Pin / Pinback from the 1980 Penn State Football season.</p><p>Juice for Joe</p><p>The buttons were picked up from the bank and some worn to games. They have various imperfections that make them unique. Please inspect the photos and bid with confidence that I will take the utmost care of these items.</p>,FixedPrice,GTC,8.00,,,,,4,,16686,Flat,USPSParcel,6.00,0.50,Pickup,0.00,3,,,ReturnsAccepted,Days_30,MoneyBack,Buyer,,,,,,,,,,,,,,,,,,,,,,,,,,
Add,JOE-1981-ST-PATERNO-S-DAY,24541,,"1981 Penn State Joe Paterno Button Central Counties Bank Pin ""St. Paterno's Day""",,,,2026-10-12 00:00:00,3000,"Pin, Button",Penn State Nittany Lions,2.25in,Football,Central Counties Bank,Unisex Adult,Blue and white,Regular Season,Joe Paterno,,,,United States,,No,https://i.ebayimg.com/images/g/c~oAAeSw4QFpPckz/s-l1600.jpg,,,<p>Commemorate Joe Paterno with the official Central Counties Bank GameDay Button / Pin / Pinback from the 1981 Penn State Football season.</p><p>St. Paterno's Day</p><p>The buttons were picked up from the bank and some worn to games. They have various imperfections that make them unique. Please inspect the photos and bid with confidence that I will take the utmost care of these items.</p>,FixedPrice,GTC,8.00,,,,,1,,16686,Flat,USPSParcel,6.00,0.50,Pickup,0.00,3,,,ReturnsAccepted,Days_30,MoneyBack,Buyer,,,,,,,,,,,,,,,,,,,,,,,,,,
Add,JOE-1983-TERNO-THE-TIDE,24541,,"1983 Penn State Joe Paterno Button Central Counties Bank Pin ""'Terno The Tide""",,,,2026-10-12 00:00:00,3000,"Pin, Button",Penn State Nittany Lions,2.25in,Football,Central Counties Bank,Unisex Adult,Blue and white,Regular Season,Joe Paterno,,,,United States,,No,https://i.ebayimg.com/images/g/c~oAAeSw4QFpPckz/s-l1600.jpg,,,<p>Commemorate Joe Paterno with the official Central Counties Bank GameDay Button / Pin / Pinback from the 1983 Penn State Football season.</p><p>'Terno The Tide</p><p>The buttons were picked up from the bank and some worn to games. They have various imperfections that make them unique. Please inspect the photos and bid with confidence that I will take the utmost care of these items.</p>,FixedPrice,GTC,8.00,,,,,4,,16686,Flat,USPSParcel,6.00,0.50,Pickup,0.00,3,,,ReturnsAccepted,Days_30,MoneyBack,Buyer,,,,,,,,,,,,,,,,,,,,,,,,,,
Add,JOE-1983-HOW-NOW-BROWN,24541,,"1983 Penn State Joe Paterno Button Central Counties Bank Pin ""How Now Brown?""",,,,2026-10-12 00:00:00,3000,"Pin, Button",Penn State Nittany Lions,2.25in,Football,Central Counties Bank,Unisex Adult,Blue and white,Regular Season,Joe Paterno,,,,United States,,No,https://i.ebayimg.com/images/g/c~oAAeSw4QFpPckz/s-l1600.jpg,,,<p>Commemorate Joe Paterno with the official Central Counties Bank GameDay Button / Pin / Pinback from the 1983 Penn State Football season.</p><p>How Now Brown?</p><p>The buttons were picked up from the bank and some worn to games. They have various imperfections that make them unique. Please inspect the photos and bid with confidence that I will take the utmost care of these items.</p>,FixedPrice,GTC,8.00,,,,,5,,16686,Flat,USPSParcel,6.00,0.50,Pickup,0.00,3,,,ReturnsAccepted,Days_30,MoneyBack,Buyer,,,,,,,,,,,,,,,,,,,,,,,,,,
Add,JOE-1983-ITALIAN-EYES-SMILING,24541,,"1983 Penn State Joe Paterno Central Counties Bank Button ""Italian Eyes Smiling""",,,,2026-10-12 00:00:00,3000,"Pin, Button",Penn State Nittany Lions,2.25in,Football,Central Counties Bank,Unisex Adult,Blue and white,Regular Season,Joe Paterno,,,,United States,,No,https://i.ebayimg.com/images/g/c~oAAeSw4QFpPckz/s-l1600.jpg,,,<p>Commemorate Joe Paterno with the official Central Counties Bank GameDay Button / Pin / Pinback from the 1983 Penn State Football season.</p><p>Italian Eyes Smiling</p><p>The buttons were picked up from the bank and some worn to games. They have various imperfections that make them unique. Please inspect the photos and bid with confidence that I will take the utmost care of these items.</p>,FixedPrice,GTC,8.00,,,,,1,,16686,Flat,USPSParcel,6.00,0.50,Pickup,0.00,3,,,ReturnsAccepted,Days_30,MoneyBack,Buyer,,,,,,,,,,,,,,,,,,,,,,,,,,
Add,JOE-1987-JOE-PA-S-IN-TIDE-S-O,24541,,"1987 Penn State Joe Paterno Button Mellon Bank Pin ""Joe Pa's In, Tide's Out""",,,,2026-10-12 00:00:00,3000,"Pin, Button",Penn State Nittany Lions,2.25in,Football,Mellon Bank,Unisex Adult,Blue and white,Regular Season,Joe Paterno,,,,United States,,No,https://i.ebayimg.com/images/g/c~oAAeSw4QFpPckz/s-l1600.jpg,,,"<p>Commemorate Joe Paterno with the official Mellon Bank GameDay Button / Pin / Pinback from the 1987 Penn State Football season.</p><p>Joe Pa's In, Tide's Out</p><p>The buttons were picked up from the bank and some worn to games. They have various imperfections that make them unique. Please inspect the photos and bid with confidence that I will take the utmost care of these items.</p>",FixedPrice,GTC,8.00,,,,,3,,16686,Flat,USPSParcel,6.00,0.50,Pickup,0.00,3,,,ReturnsAccepted,Days_30,MoneyBack,Buyer,,,,,,,,,,,,,,,,,,,,,,,,,,
Add,JOE-1999-FEATHER-S-IN-JOE-S-C,24541,,"1999 Penn State Joe Paterno Button Mellon Bank Pin ""Feather's In Joe's Cap""",,,,2026-10-12 00:00:00,3000,"Pin, Button",Penn State Nittany Lions,2.25in,Football,Mellon Bank,Unisex Adult,Blue and white,Regular Season,Joe Paterno,,,,United States,,No,https://i.ebayimg.com/images/g/c~oAAeSw4QFpPckz/s-l1600.jpg,,,<p>Commemorate Joe Paterno with the official Mellon Bank GameDay Button / Pin / Pinback from the 1999 Penn State Football season.</p><p>Feather's In Joe's Cap</p><p>The buttons were picked up from the bank and some worn to games. They have various imperfections that make them unique. Please inspect the photos and bid with confidence that I will take the utmost care of these items.</p>,FixedPrice,GTC,8.00,,,,,4,,16686,Flat,USPSParcel,6.00,0.50,Pickup,0.00,3,,,ReturnsAccepted,Days_30,MoneyBack,Buyer,,,,,,,,,,,,,,,,,,,,,,,,,,
Add,JOE-2002-JOE-S-OUR-MAN-HOOSIE,24541,,"2002 Penn State Joe Paterno Button Citizens Bank Pin ""Joe's Our Man...Hoosiers?""",,,,2026-10-12 00:00:00,3000,"Pin, Button",Penn State Nittany Lions,2.25in,Football,Citizens Bank,Unisex Adult,Blue and white,Regular Season,Joe Paterno,,,,United States,,No,https://i.ebayimg.com/images/g/c~oAAeSw4QFpPckz/s-l1600.jpg,,,<p>Commemorate Joe Paterno with the official Citizens Bank GameDay Button / Pin / Pinback from the 2002 Penn State Football season.</p><p>Joe's Our Man...Hoosiers?</p><p>The buttons were picked up from the bank and some worn to games. They have various imperfections that make them unique. Please inspect the photos and bid with confidence that I will take the utmost care of these items.</p>,FixedPrice,GTC,8.00,,,,,5,,16686,Flat,USPSParcel,6.00,0.50,Pickup,0.00,3,,,ReturnsAccepted,Days_30,MoneyBack,Buyer,,,,,,,,,,,,,,,,,,,,,,,,,,
Add,JOE-2009-PANTHERS-FEAR-JOE-PA,24541,,"2009 Penn State Joe Paterno Button Citizens Bank Pin ""Panthers Fear Joe Paws""",,,,2026-10-12 00:00:00,3000,"Pin, Button",Penn State Nittany Lions,2.25in,Football,Citizens Bank,Unisex Adult,Blue and white,Regular Season,Joe Paterno,,,,United States,,No,https://i.ebayimg.com/images/g/c~oAAeSw4QFpPckz/s-l1600.jpg,,,<p>Commemorate Joe Paterno with the official Citizens Bank GameDay Button / Pin / Pinback from the 2009 Penn State Football season.</p><p>Panthers Fear Joe Paws</p><p>The buttons were picked up from the bank and some worn to games. They have various imperfections that make them unique. Please inspect the photos and bid with confidence that I will take the utmost care of these items.</p>,FixedPrice,GTC,8.00,,,,,5,,16686,Flat,USPSParcel,6.00,0.50,Pickup,0.00,3,,,ReturnsAccepted,Days_30,MoneyBack,Buyer,,,,,,,,,,,,,,,,,,,,,,,,,,
Add,JOE-2011-STIFLE-THE-NOIS,24541,,"2011 Penn State Football Joe Paterno Button Citizens Bank Pin ""Stifle the Nois""",,,,2026-10-12 00:00:00,3000,"Pin, Button",Penn State Nittany Lions,2.25in,Football,Citizens Bank,Unisex Adult,Blue and white,Regular Season,Joe Paterno,,,,United States,,No,https://i.ebayimg.com/images/g/c~oAAeSw4QFpPckz/s-l1600.jpg,,,<p>Commemorate Joe Paterno with the official Citizens Bank GameDay Button / Pin / Pinback from the 2011 Penn State Football season.</p><p>Stifle the Nois</p><p>The buttons were picked up from the bank and some worn to games. They have various imperfections that make them unique. Please inspect the photos and bid with confidence that I will take the utmost care of these items.</p>,FixedPrice,GTC,8.00,,,,,5,,16686,Flat,USPSParcel,6.00,0.50,Pickup,0.00,3,,,ReturnsAccepted,Days_30,MoneyBack,Buyer,,,,,,,,,,,,,,,,,,,,,,,,,,
Add,S72-1972-HAMMER-NL,24541,,"1972 Penn State Central Counties Bank ""Hammer the Hawkeyes"" No Logo Green Back",,,,2026-10-12 00:00:00,3000,"Pin, Button",Penn State Nittany Lions,2.25in,Football,Central Counties Bank,Unisex Adult,Blue and white,Regular Season,Joe Paterno,,,,United States,,No,https://i.ebayimg.com/images/g/c~oAAeSw4QFpPckz/s-l1600.jpg,,,"<p>Commemorate the 1972 Penn State Football season with the official Central Counties Bank GameDay Button / Pin / Pinback from the Sep 30, 1972 game. This listing is for the version with no logo on the front, with a green back.</p><p>Hammer the Hawkeyes</p><p>The buttons were picked up from the bank and some worn to games. They have various imperfections that make them unique. Please inspect the photos and bid with confidence that I will take the utmost care of these items.</p>",FixedPrice,GTC,20.00,,,,,2,,16686,Flat,USPSParcel,6.00,0.50,Pickup,0.00,3,,,ReturnsAccepted,Days_30,MoneyBack,Buyer,,,,,,,,,,,,,,,,,,,,,,,,,,
Add,S72-1972-WALLOP-NL,24541,,"1972 Penn State Central Counties Bank ""Wallop the Wolfpack"" No Logo Green Back",,,,2026-10-12 00:00:00,3000,"Pin, Button",Penn State Nittany Lions,2.25in,Football,Central Counties Bank,Unisex Adult,Blue and white,Regular Season,Joe Paterno,,,,United States,,No,https://i.ebayimg.com/images/g/c~oAAeSw4QFpPckz/s-l1600.jpg,,,"<p>Commemorate the 1972 Penn State Football season with the official Central Counties Bank GameDay Button / Pin / Pinback from the Nov 11, 1972 game. This listing is for the version with no logo on the front, with a green back.</p><p>Wallop the Wolfpack</p><p>The buttons were picked up from the bank and some worn to games. They have various imperfections that make them unique. Please inspect the photos and bid with confidence that I will take the utmost care of these items.</p>",FixedPrice,GTC,15.00,,,,,3,,16686,Flat,USPSParcel,6.00,0.50,Pickup,0.00,3,,,ReturnsAccepted,Days_30,MoneyBack,Buyer,,,,,,,,,,,,,,,,,,,,,,,,,,
Add,S72-1972-WALLOP-LOGO,24541,,"1972 Penn State Central Counties Bank ""Wallop the Wolfpack"" CB Logo Green Back",,,,2026-10-12 00:00:00,3000,"Pin, Button",Penn State Nittany Lions,2.25in,Football,Central Counties Bank,Unisex Adult,Blue and white,Regular Season,Joe Paterno,,,,United States,,No,https://i.ebayimg.com/images/g/c~oAAeSw4QFpPckz/s-l1600.jpg,,,"<p>Commemorate the 1972 Penn State Football season with the official Central Counties Bank GameDay Button / Pin / Pinback from the Nov 11, 1972 game. This listing is for the version with the cb (Central Counties Bank) logo printed below the slogan, with a green back.</p><p>Wallop the Wolfpack</p><p>The buttons were picked up from the bank and some worn to games. They have various imperfections that make them unique. Please inspect the photos and bid with confidence that I will take the utmost care of these items.</p>",FixedPrice,GTC,15.00,,,,,5,,16686,Flat,USPSParcel,6.00,0.50,Pickup,0.00,3,,,ReturnsAccepted,Days_30,MoneyBack,Buyer,,,,,,,,,,,,,,,,,,,,,,,,,,
Add,S72-1972-TRIP-NL,24541,,"1972 Penn State Central Counties Bank ""Trip the Terrapins"" No Logo Green Back",,,,2026-10-12 00:00:00,3000,"Pin, Button",Penn State Nittany Lions,2.25in,Football,Central Counties Bank,Unisex Adult,Blue and white,Regular Season,Joe Paterno,,,,United States,,No,https://i.ebayimg.com/images/g/c~oAAeSw4QFpPckz/s-l1600.jpg,,,"<p>Commemorate the 1972 Penn State Football season with the official Central Counties Bank GameDay Button / Pin / Pinback from the Nov 4, 1972 game. This listing is for the version with no logo on the front, with a green back.</p><p>Trip the Terrapins</p><p>The buttons were picked up from the bank and some worn to games. They have various imperfections that make them unique. Please inspect the photos and bid with confidence that I will take the utmost care of these items.</p>",FixedPrice,GTC,15.00,,,,,1,,16686,Flat,USPSParcel,6.00,0.50,Pickup,0.00,3,,,ReturnsAccepted,Days_30,MoneyBack,Buyer,,,,,,,,,,,,,,,,,,,,,,,,,,
Add,S72-1972-TRIP-LOGO,24541,,"1972 Penn State Central Counties Bank ""Trip the Terrapins"" CB Logo Green Back",,,,2026-10-12 00:00:00,3000,"Pin, Button",Penn State Nittany Lions,2.25in,Football,Central Counties Bank,Unisex Adult,Blue and white,Regular Season,Joe Paterno,,,,United States,,No,https://i.ebayimg.com/images/g/c~oAAeSw4QFpPckz/s-l1600.jpg,,,"<p>Commemorate the 1972 Penn State Football season with the official Central Counties Bank GameDay Button / Pin / Pinback from the Nov 4, 1972 game. This listing is for the version with the cb (Central Counties Bank) logo printed below the slogan, with a green back.</p><p>Trip the Terrapins</p><p>The buttons were picked up from the bank and some worn to games. They have various imperfections that make them unique. Please inspect the photos and bid with confidence that I will take the utmost care of these items.</p>",FixedPrice,GTC,5.00,,,,,5,,16686,Flat,USPSParcel,6.00,0.50,Pickup,0.00,3,,,ReturnsAccepted,Days_30,MoneyBack,Buyer,,,,,,,,,,,,,,,,,,,,,,,,,,
Add,PITT-1980,24541,,"1980 Penn State vs Pitt Panthers Button Central Counties Bank Pin ""Pitt Isnt It""",,,,2026-10-12 00:00:00,3000,"Pin, Button",Penn State Nittany Lions,2.25in,Football,Central Counties Bank,Unisex Adult,Blue and white,Regular Season,Joe Paterno,,,,United States,,No,https://i.ebayimg.com/images/g/c~oAAeSw4QFpPckz/s-l1600.jpg,,,"<p>Commemorate the 1980 Penn State vs. Pitt game (Nov 28, 1980) with the official Central Counties Bank GameDay Button / Pin / Pinback.</p><p>Pitt Isnt It</p><p>The buttons were picked up from the bank and some worn to games. They have various imperfections that make them unique. Please inspect the photos and bid with confidence that I will take the utmost care of these items.</p>",FixedPrice,GTC,8.00,,,,,5,,16686,Flat,USPSParcel,6.00,0.50,Pickup,0.00,3,,,ReturnsAccepted,Days_30,MoneyBack,Buyer,,,,,,,,,,,,,,,,,,,,,,,,,,
Add,PITT-1983,24541,,"1983 Penn State vs Pitt Central Counties Bank Button ""Wrong Anther Panther""",,,,2026-10-12 00:00:00,3000,"Pin, Button",Penn State Nittany Lions,2.25in,Football,Central Counties Bank,Unisex Adult,Blue and white,Regular Season,Joe Paterno,,,,United States,,No,https://i.ebayimg.com/images/g/c~oAAeSw4QFpPckz/s-l1600.jpg,,,"<p>Commemorate the 1983 Penn State vs. Pitt game (Nov 19, 1983) with the official Central Counties Bank GameDay Button / Pin / Pinback.</p><p>Wrong Anther Panther</p><p>The buttons were picked up from the bank and some worn to games. They have various imperfections that make them unique. Please inspect the photos and bid with confidence that I will take the utmost care of these items.</p>",FixedPrice,GTC,8.00,,,,,5,,16686,Flat,USPSParcel,6.00,0.50,Pickup,0.00,3,,,ReturnsAccepted,Days_30,MoneyBack,Buyer,,,,,,,,,,,,,,,,,,,,,,,,,,
Add,PITT-1984,24541,,"1984 Penn State Football vs Pitt Panthers Button Mellon Bank Pin ""STOPPITT!""",,,,2026-10-12 00:00:00,3000,"Pin, Button",Penn State Nittany Lions,2.25in,Football,Mellon Bank,Unisex Adult,Blue and white,Regular Season,Joe Paterno,,,,United States,,No,https://i.ebayimg.com/images/g/c~oAAeSw4QFpPckz/s-l1600.jpg,,,"<p>Commemorate the 1984 Penn State vs. Pitt game (Nov 24, 1984) with the official Mellon Bank GameDay Button / Pin / Pinback.</p><p>STOPPITT!</p><p>The buttons were picked up from the bank and some worn to games. They have various imperfections that make them unique. Please inspect the photos and bid with confidence that I will take the utmost care of these items.</p>",FixedPrice,GTC,8.00,,,,,5,,16686,Flat,USPSParcel,6.00,0.50,Pickup,0.00,3,,,ReturnsAccepted,Days_30,MoneyBack,Buyer,,,,,,,,,,,,,,,,,,,,,,,,,,
Add,PITT-1987,24541,,"1987 Penn State Football vs Pitt Panthers Button Mellon Bank Pin ""PSU-Top Cat""",,,,2026-10-12 00:00:00,3000,"Pin, Button",Penn State Nittany Lions,2.25in,Football,Mellon Bank,Unisex Adult,Blue and white,Regular Season,Joe Paterno,,,,United States,,No,https://i.ebayimg.com/images/g/c~oAAeSw4QFpPckz/s-l1600.jpg,,,"<p>Commemorate the 1987 Penn State vs. Pitt game (Nov 14, 1987) with the official Mellon Bank GameDay Button / Pin / Pinback.</p><p>PSU-Top Cat</p><p>The buttons were picked up from the bank and some worn to games. They have various imperfections that make them unique. Please inspect the photos and bid with confidence that I will take the utmost care of these items.</p>",FixedPrice,GTC,8.00,,,,,5,,16686,Flat,USPSParcel,6.00,0.50,Pickup,0.00,3,,,ReturnsAccepted,Days_30,MoneyBack,Buyer,,,,,,,,,,,,,,,,,,,,,,,,,,
Add,PITT-1988,24541,,"1988 Penn State vs Pitt Panthers Button Mellon Bank Pin ""Another Pittfall""",,,,2026-10-12 00:00:00,3000,"Pin, Button",Penn State Nittany Lions,2.25in,Football,Mellon Bank,Unisex Adult,Blue and white,Regular Season,Joe Paterno,,,,United States,,No,https://i.ebayimg.com/images/g/c~oAAeSw4QFpPckz/s-l1600.jpg,,,"<p>Commemorate the 1988 Penn State vs. Pitt game (Nov 19, 1988) with the official Mellon Bank GameDay Button / Pin / Pinback.</p><p>Another Pittfall</p><p>The buttons were picked up from the bank and some worn to games. They have various imperfections that make them unique. Please inspect the photos and bid with confidence that I will take the utmost care of these items.</p>",FixedPrice,GTC,8.00,,,,,5,,16686,Flat,USPSParcel,6.00,0.50,Pickup,0.00,3,,,ReturnsAccepted,Days_30,MoneyBack,Buyer,,,,,,,,,,,,,,,,,,,,,,,,,,
Add,PITT-1992,24541,,"1992 Penn State vs Pitt Panthers Button Mellon Bank Pin ""Just a Pitt Stop""",,,,2026-10-12 00:00:00,3000,"Pin, Button",Penn State Nittany Lions,2.25in,Football,Mellon Bank,Unisex Adult,Blue and white,Regular Season,Joe Paterno,,,,United States,,No,https://i.ebayimg.com/images/g/c~oAAeSw4QFpPckz/s-l1600.jpg,,,"<p>Commemorate the 1992 Penn State vs. Pitt game (Nov 21, 1992) with the official Mellon Bank GameDay Button / Pin / Pinback.</p><p>Just a Pitt Stop</p><p>The buttons were picked up from the bank and some worn to games. They have various imperfections that make them unique. Please inspect the photos and bid with confidence that I will take the utmost care of these items.</p>",FixedPrice,GTC,8.00,,,,,5,,16686,Flat,USPSParcel,6.00,0.50,Pickup,0.00,3,,,ReturnsAccepted,Days_30,MoneyBack,Buyer,,,,,,,,,,,,,,,,,,,,,,,,,,
Info,>>> Get more details on how to complete listings and discover how to customise your listings with advanced features: https://pages.ebay.com/sh/reports/help/create-listings-bulk/#_nq6onyvjkyg
Info,>>> For categoryId:  24541
Info,">>> The recommended value(s) for aspect Product: Action Figure; Backpack; Bag; Ball; Banner; Bat; Bedding; Belt; Beverage Cup; Blanket; Bobblehead; Bracelet; Cap, Hat; Chair; Clock; Club; Cooler; Cufflinks; Decal; Earrings; Flag; Glasses; Gloves; Golf Accessories; Grill Accessories; Helmet; Insulated Bottle Sleeve; Insulated Can Sleeve; Jacket; Jersey; Keychain; License Plate; License Plate Frame; Magnet; Mascot; Mug; Necklace; Neck Tie; Ornament; Pajamas; Pants; Patch; Pendant; Pennant; Pet Supplies; Phone; Phone Accessory; Photo; Pin, Button; Plaque; Plush Figure; Postcard; Poster; Print; Program; Publication; Puck; Purse; Ring; Rug, Mat; Seat Belt Covers; Seat Cushion; Serigraph Print; Shirt; Shoes; Shorts; Sign; Slippers; Socks; Sunglasses; Sweater; Sweatshirt; Swimsuit; Tent, Canopy; Ticket; Towel; Tumbler; Video; Wallet; Wall Graphic; Watch; Water Bottle"
Info,>>> The recommended value(s) for aspect Team: Alabama Crimson Tide; Arkansas Razorbacks; Auburn Tigers; Florida Gators; Florida State Seminoles; Georgia Bulldogs; Illinois Fighting Illini; Iowa Hawkeyes; Kansas Jayhawks; Kentucky Wildcats; LSU Tigers; Michigan State Spartans; Michigan Wolverines; Missouri Tigers; Navy Midshipmen; Nebraska Cornhuskers; North Carolina Tar Heels; Notre Dame Fighting Irish; Ohio State Buckeyes; Oklahoma Sooners; Oregon Ducks; Penn State Nittany Lions; Tennessee Volunteers; Texas Longhorns; Wisconsin Badgers; Abilene Christian Wildcats; Adelphi University Panthers; Adrian College Bulldogs; Air Force Falcons; Akron Zips; Alabama A&M Bulldogs; Alabama State Hornets; Alaska Anchorage Seawolves; Alaska Nanooks; Albany Great Danes; Albany State Golden Rams; Alcorn State Braves; American Eagles; Anderson Ravens; Angelo State Rams; Appalachian State Mountaineers; Arcadia University Scarlet Knights; Arizona State Sun Devils; Arizona Wildcats; Arkansas at Monticello Boll Weevils; Arkansas Fort Smith Lions; Arkansas Little Rock Trojans; Arkansas Pine Bluff Golden Lions; Arkansas State Red Wolves; Arkansas Tech Wonder Boys; Armstrong Atlantic Pirates; Army Black Knights; Ashland Eagles; Atlantic 10 Gear; Atlantic Sun Conference Gear; Auburn Montgomery Warhawks; Augustana Vikings; Austin Peay State Governors; Ave Maria Gyrenes; Baker Wildcats; Ball State Cardinals; Barry University Buccaneers; Baruch College Bearcats; Baylor Bears; Bellarmine Knights; Bellevue College Bulldogs; Belmont Bruins; Bemidji State Beavers; Bethany University Bruins; Bethune-Cookman Wildcats; Binghamton Bearcats; Birmingham-Southern College Panthers; Blinn College Buccaneers; Bloomsburg Huskies; Boise State Broncos; Boston College Eagles; Boston University Terriers; Bowdoin College; Bowling Green St. Falcons; Bradley Braves; Brandeis University Judges; Bridgewater Eagles; Bridgewater State Bears; Brockport Golden Eagles; Brooklyn College Bulldogs; Brown Bears; Bryant Bulldogs; Bucknell Bison; Buffalo Bulls; Buffalo State Bengals; Butler Bulldogs; BYU Cougars; BYU-Hawaii Seasiders; BYU-Idaho Vikings; California Golden Bears; Cal Lutheran University Kingsman; Cal Poly Mustangs; Cal Poly Pomona Broncos; Cal State Bakersfield Roadrunners; Cal State Channel Island Dolphins; Chico State Wildcats; Cal State Dominguez Hills Toros; Cal State East Bay Pioneers; Cal State Fullerton Titans; Cal State Los Angeles Golden Eagles; Cal State Monterey Bay Otters; Cal State Northridge Matadors; Cal State San Bernardino Coyotes; Cal State San Marcos Cougars; Cal State Stanislaus Warriors; Caldwell Cougars; California University of Pennsylvania Vulcans; Cameron Aggies; Campbell Fighting Camels; Canisius College Golden Griffins; Carnegie Mellon Tartans; Carroll College Fighting Saints; Carroll University Pioneers; Case Western Reserve Spartans; Castleton Spartans; Central Michigan Chippewas; Centenary College Gents; Central Arkansas Bears; Central College Dutch; Central Connecticut State Blue Devils; Central Georgia Technical College Cougars; Central Missouri Mules; Central Oklahoma Bronchos; Central State Marauders; Central Washington Wildcats; Chapman Panthers; Charleston Cougars; Charleston Southern Buccaneers; Charleston University Golden Eagles; Charlotte 49ers; Chatham University Cougars; Chicago Maroons; Chicago State Cougars; Christian Brothers Buccaneers; Christopher Newport Captains; Cincinnati Bearcats; Citadel Bulldogs; City College of New York Beavers; City College of San Francisco Rams; City Tech Yellow Jackets; Clarion Golden Eagles; Clark Atlanta Panthers; Clarke Pride; Clarkson Golden Knights; Clemson Tigers; UC Clermont Cougars; Cleveland State Vikings; Colorado Mesa Mavericks; Coast Guard Academy Bears; Coastal Carolina Chanticleers; Colgate Raiders; College of Coastal Georgia Mariners; College of New Jersey Lions; College of St. Scholastica Saints; College of Staten Island Dolphins; Colorado Buffaloes; Colorado Christian University Cougars; Colorado College Tigers; Colorado School of Mines Orediggers; Colorado State Pueblo Thunderwolves; Colorado State Rams; Columbia College of Missouri Cougars; Columbia University Lions; Columbus State Cougars; Concordia College Cobbers; Concordia College of Portland Cavaliers; Concordia Texas Tornadoes; Concordia University Wisconsin Falcons; Concordia-Irvine Eagles; Coppin State Eagles; Cornell Big Red; Cornerstone University Golden Eagles; Covenant College Scots; Creighton Bluejays; CSTCC Surge; Cumberland Bulldogs; Dakota State Trojans; Dallas Baptist Patriots; Dallas University Crusaders; Dalton State College Roadrunners; Dartmouth Big Green; Davenport Panthers; Davidson Wildcats; Dayton Flyers; Delaware Fightin' Blue Hens; Delaware State Hornets; Delta State Statesmen; Denison University Big Red; Denver Pioneers; DePaul Blue Demons; DePauw Tigers; Detroit Mercy Titans; Dickinson College Red Devils; District of Columbia Firebirds; Dixie State Red Storm; Dominican University Stars; Dowling Golden Lions; Drake Bulldogs; Drew University Rangers; Drexel Dragons; Drury Panthers; Duke Blue Devils; Duquesne Dukes; Dwight Englewood Bulldogs; East Carolina Pirates; East Stroudsburg Warriors; East Texas Baptist University Tigers; Eastern Arizona College Gila Monsters; Eastern Illinois Panthers; Eastern Kentucky Colonels; Eastern Michigan Eagles; Eastern University Eagles; Eastern Washington Eagles; Eastern Wyoming College Lancers; ECSU Vikings; Edward Waters Tigers; Elmhurst College Blue Jays; Elmira College Soaring Eagles; Elon Phoenix; Embry-Riddle Eagles; Embry-Riddle Prescott Eagles; Emory Eagles; Emporia State Hornets; ETSU Buccaneers; Evansville Purple Aces; Fairfield Stags; Fairleigh Dickinson Knights; Florida Atlantic Owls; Faulkner Eagles; Faulkner State Sun Chiefs; Fayetteville State Broncos; Ferris State Bulldogs; FIU Panthers; Flagler College Saints; Florida A&M Rattlers; Florida Gulf Coast Eagles; Florida Southern College Moccasins; Florida Tech Panthers; Fordham Rams; Fort Hays State Tigers; Fort Lewis College Skyhawks; Fort Valley State Wildcats; Francis Marion Patriots; Franklin & Marshall Diplomats; Fredonia Blue Devils; Fresno City College Rams; Fresno State Bulldogs; Friends University Falcons; Furman Paladins; Georgia Tech Yellow Jackets; Gardner Webb Bulldogs; George Mason Patriots; Georgetown College Tigers; Georgetown Hoyas; Georgia Gwinnett Grizzlies; Georgia Southern Eagles; Georgia Southwestern Hurricanes; Georgia State Panthers; Georgian Court University Lions; Golden Gate University Griffons; Gonzaga Bulldogs; Gordon College Fighting Scots; Governors State University; Grace College Lancers; Graceland Yellowjackets; Grambling State Tigers; Grand Canyon Antelopes; Grand Valley State Lakers; GTCC Athletics; GW Colonials; Hamline Pipers; Hampden–Sydney Tigers; Hampton Pirates; Hardin-Simmons University Cowboys; Harper College Hawks; Hartford Hawks; Harvard Crimson; Hawaii Rainbow Warriors; Henderson State Reddies; High Point Panthers; Hofstra Pride; Holy Cross Crusaders; Houston Baptist Huskies; Houston Cougars; Howard Bison; Humboldt State Jacks; Hunter College Hawks; Huntington Foresters; Huston-Tillotson University Rams; Idaho State Bengals; Idaho Vandals; Illinois State Redbirds; Indiana Hoosiers; Indiana State Sycamores; Indiana University East Red Wolves; Indiana University Kokomo Cougars; Indiana University Northwest RedHawks; Indiana University of Pennsylvania Crimson Hawks; Indiana University South Bend Titans; Indiana University Southeast Grenadiers; Indiana Wesleyan Wildcats; Indianapolis Greyhounds; Iona College Gaels; Iowa State Cyclones; IPFW Mastodons; Ithaca College Bombers; IUPUI Jaguars; Ivy Tech Community College; Jackson State Tigers; Jacksonville State Gamecocks; James Madison Dukes; John Brown University Golden Eagles; John Carroll Blue Streaks; John Jay Bloodhounds; Johns Hopkins Blue Jays; Johnson & Wales Wildcats; JU Dolphins; Kansas State Wildcats; Kean Cougars; Kennesaw State Owls; Kent State Golden Flashes; Kentucky State Thorobreds; Kentucky Wesleyan Panthers; Kenyon Lords and Ladies; Kishwaukee College Kougars; Knox College Prairie Fire; Kutztown Golden Bears; La Salle Explorers; Lafayette College Leopards; Lake Erie Storm; Lake Forest College Foresters; Lake Superior State Lakers; Lamar Cardinals; Lambuth Eagles; Langston Lions; Laurentian University Voyageurs; Le Moyne Dolphins; Lee Flames; Lees-McRae Bobcats; Lehigh Mountain Hawks; Lenoir Rhyne Bears; Lewis Flyers; Liberty Flames; Life University Running Eagles; Lincoln Blue Tigers; Lincoln Lions; Linfield Wildcats; Lipscomb Bisons; LIU Brooklyn Blackbirds; Long Beach State Beach; Longwood Lancers; Pierce College Brahmas; Louisiana College Wildcats; Louisiana State Shreveport Pilots; Louisiana Tech Bulldogs; Louisiana-Lafayette Ragin' Cajuns; Louisville Cardinals; Loyola Chicago Ramblers; Loyola Greyhounds; Loyola Marymount Lions; Loyola New Orleans Wolfpack; LSU Alexandria Generals; Long Bearch State 49ers; Maine Black Bears; Manhattan Jaspers; Marian University Sabres; Marist Red Foxes; Marquette Golden Eagles; Marshall Thundering Herd; Maryland Eastern Shore Hawks; Maryland Terrapins; Maryville College Scots; Maryville Saints; Massachusetts College of Liberal Arts Trailblazers; Massachusetts Maritime Academy Buccaneers; McNeese State Cowboys; Memphis Tigers; Merced Blue Devil; Mercer Bears; Mercy College Mavericks; Meredith College Avenging Angels; Merrimack Warriors; Metro State Roadrunners; Miami Hurricanes; Miami University RedHawks; Michigan Tech Huskies; Mid. Tenn. St. Blue Raiders; Mid-Atlantic Conference Gear; Midwestern State Mustangs; Millikin Big Blue; Minnesota Duluth Bulldogs; Minnesota Golden Gophers; Minnesota State Mavericks; Minnesota State Moorhead Dragons; Mississippi College Coctaws; Mississippi State Bulldogs; Mississippi Valley State Delta Devils; Missouri S&T Miners; Missouri Southern State Lions; Missouri State University Bears; West Plains; Missouri Western State Griffons; MIT Engineers; Mitchell College Mariners; Mobile Rams; Monmouth College Fighting Scots; Monmouth Hawks; Montana Grizzlies; Montana State Billings Yellowjackets; Montana State Bobcats; Montana State Northern Lights and Skylights; Montana Tech Orediggers; Montana Western Bulldogs; Montclair State Red Hawks; Montevallo Falcons; Moravian Greyhounds; Morehead State Eagles; Morehouse Maroon Tigers; Morgan State Bears; Morris Brown College Wolverines; Mount St. Mary's Mountaineers; Mount Union Purple Raiders; Muhlenberg College Mules; Murray State Racers; NC State Wolfpack; Nebraska Omaha Mavericks; Nebraska-Kearney Lopers; Neumann College Knights; Nevada Wolf Pack; New Hampshire Wildcats; New Jersey Institute of Technology Highlanders; New Mexico Lobos; New Mexico State Aggies; New Orleans Privateers; New Paltz Hawks; Newberry College Wolves; Newman Jets; Niagara Purple Eagles; Nicholls State Colonels; Norfolk State Spartans; North Alabama Lions; North Carolina A&T Aggies; North Carolina Central Eagles; North Dakota Fighting Sioux; North Dakota State Bison; North College Cardinals; North Park Vikings; North Texas Mean Green; Northeast Wisconsin Technical College; Northeastern Huskies; Northeastern Illinois Golden Eagles; Northeastern State Riverhawks; Northern Arizona Lumberjacks; Northern Colorado Bears; Northern Illinois Huskies; Northern Iowa Panthers; Northern Kentucky University Norse; Northern Michigan Wildcats; Northern State Wolves; Northwest Missouri State Bearcats; Northwest Nazarene Crusaders; Northwestern Oklahoma State Rangers; Northwestern State Demons; Northwestern Wildcats; Northwood University of Michigan Timberwolves; Norwich University Cadets; Nova Southeastern Sharks; NYU Violets; Oakland Golden Grizzlies; Ohio Bobcats; Ohio Dominican Panthers; Ohio Northern Polar Bears; Ohio Valley Conference; Oklahoma Baptist Bison; Oklahoma City University Stars; Oklahoma State Cowboys; Old Dominion Monarchs; Ole Miss Rebels; Olivet College Comets; Olivet Nazarene University Tigers; Olympic College Rangers; Oral Roberts Golden Eagles; Oregon State Beavers; Oswego State Lakers; Otterbein Cardinals; Pace's Setters; Pacific Boxers; Pacific Tigers; Pasadena City College Lancers; Pellissippi State Purple Panthers; Peninsula College Pirates; Penn Quakers; Pepperdine Waves; Misenheimer; Pierce College Raiders; Pitt Panthers; Pittsburg State Gorillas; Plattsburgh State Cardinals; Polk State College Eagles; Portland Pilots; Portland State Vikings; Prairie View A&M Panthers; Presbyterian Blue Hose; Princeton Tigers; Providence Friars; Puget Sound Loggers; Purdue Boilermakers; Purdue University Calumet Peregrines; Queens College Knights; Quincy Hawks; Quinnipiac Bobcats; Radford Highlanders; Ramapo College Roadrunner; Reedley College Tigers; Regis Rangers; Rensselaer Polytechnic Institute Engineers; Rhode Island Anchormen; Rhode Island Rams; Rhodes Lynx; Rice Owls; Richmond Spiders; Rider Broncs; Robert Morris Colonials; Robert Morris Eagles; Rochester College Warriors; RIT Tigers; Rochester Yellow Jackets; Rockhurst Hawks; Rollins Tars; Rowan Profs; Rutgers Newark Scarlet Raiders; Rutgers Scarlet Knights; Rutgers–Camden Scarlet Raptors; S.E. Missouri State Redhawks; Sacramento State Hornets; Sacred Heart Pioneers; Saginaw Valley State Cardinals; Saint Francis Red Flash; Saint Joseph's College Pumas; Saint Joseph's Hawks; Saint Leo Lions; Saint Martin's Saints; Saint Mary's Gaels; Saint Peter's Peacocks; Salem State University Vikings; Salve Regina Seahawks; Sam Houston State Bearkats; Samford Bulldogs; Samuel Merrit University; San Diego State Aztecs; San Diego Toreros; San Francisco Dons; San Francisco State Gators; San Jose State Spartans; Santa Clara Broncos; Savannah State Tigers; Scranton Royals; Seattle Pacific Falcons; Seattle Redhawks; Seton Hall Pirates; Seton Hill Griffins; Sewanee Tigers; Shenandoah Hornets; Shippensburg Raiders; Siena Saints; Simon Fraser University; Simpson Storm; Sinclair Community College Tartan Pride; Slippery Rock Pride; SMU Mustangs; Sonoma State Seawolves; South Alabama Jaguars; South Carolina Beaufort Sand Sharks; South Carolina Gamecocks; South Carolina State Bulldogs; South Dakota Coyotes; South Dakota State Jackrabbits; South Florida Bulls; Southeast Missouri State Redhawks; Southeastern Fire; Southeastern Louisiana Lions; Southeastern Oklahoma State Savages; Southern Arkansas Muleriders; Southern Connecticut State Owls; Southern Illinois Edwardsville Cougars; Southern Illinois Salukis; Southern Indiana Screaming Eagles; Southern Miss Golden Eagles; Southern New Hampshire Penmen; Southern–New Orleans Knights and Lady Knights; Southern University Jaguars; Southern Utah Thunderbirds; Southern Virginia Knights; Southwest Baptist Bearcats; Southwestern Oklahoma State Bulldogs; Spelman Jaguars; Springfield College Pride; St. Bonaventure Bonnies; St. Catherine University Wildcats; St. Cloud State Huskies; St. Francis College Terriers; St. John's Red Storm; St. Lawrence University Saints; St. Louis Billikens; St. Norbert Green Knights; St. Thomas Tommies; Stanford Cardinal; Stephen F. Austin Lumberjacks; Stetson Hatters; Stevens Institute of Technology Ducks; Stillman Tigers and Lady Tigers; Stonehill Skyhawks; Stony Brook Seawolves; Cortland Red Dragons; Geneseo Knights; Potsdam Bears; Susquehanna Crusaders; Syracuse Orange; Talladega College Tornadoes; Tampa Spartans; Tarleton State Texans; TCU Horned Frogs; Temple Owls; Tennessee Chattanooga Mocs; Tennessee-Martin Skyhawks; Tennessee State Tigers; Tennessee Tech Golden Eagles; Tennessee Wesleyan Bulldogs; Texas A & M Commerce Lions; Texas A&M Aggies; Texas A&M Corpus Christi Islanders; Texas A&M International University Dustdevils; Texas A&M–Kingsville Javelinas football; Texas Brownsville Scorpions; Texas College Steers; Texas San Antonio Roadrunners; Texas Southern Tigers; Texas State Bobcats; Texas Tech Red Raiders; Texas Tyler Patriots; Texas Wesleyan University Rams; The Master's University Mustangs; Thomas Night Hawks; Toledo Rockets; Towson Tigers; Transylvania athletic; Troy Trojans; Truman Bulldogs; Tufts Jumbos; Tulane Green Wave; Tulsa Golden Hurricane; Tusculum Pioneers; Tuskegee Golden Tigers; UAB Blazers; UAH Chargers; UC Davis Aggies; UC Irvine Anteaters; UC Riverside Highlanders; UC San Diego Tritons; UC Santa Barbara Gauchos; UC Santa Cruz Banana Slugs; UCF Knights; UCLA Bruins; UConn Huskies; UIC Flames; UIS Prairie Stars; Louisiana-Monroe Warhawks; UMass Boston Beacons; UMass Dartmouth Corsairs; UMass Lowell River Hawks; UMass Minutemen; UMass Worcestor Medical School; UMBC Retrievers; UMKC Kangaroos; UMSL Tritons; UNC Asheville Bulldogs; UNC Wilmington Seahawks; UNCG Spartans; UNF Ospreys; Union Dutchmen and Dutchwomen; University of Baltimore; University of Detroit Mercy Titans; University of Houston-Victoria Jaguars; New Haven Chargers; University of North Carolina at Pembroke Braves; University of Redlands Bulldogs; University of Sioux Falls Cougars; University of South Carolina Aiken Pacers; University of Tampa Spartans; University of Virginia at Wise Highland Cavaliers; University of West Alabama; UNLV Rebels; USC Trojans; USC Upstate Spartans; UT Arlington Mavericks; UT Health Science Center at San Antonio; Utah State Aggies; Utah Utes; Utah Valley Wolverines; UTD Comets; UTEP Miners; UTPA Broncs; UTPB; Valdosta State Blazers; Valparaiso Crusaders; Vanderbilt Commodores; Vanguard Lions; Vassar College Brewers; VCU Rams; Vermont Catamounts; Villanova Wildcats; Virginia Cavaliers; Virginia Commonwealth Rams; Virginia Military Institute Keydets; Virginia State Trojans; Virginia Tech Hokies; Wagner Seahawks; Wake Forest Demon Deacons; Washburn Ichabods; Washington Huskies; Washington State Cougars; Washington-St. Louis Bears; Wayland Baptist Pioneers; Wayne State Warriors; Weber State Wildcats; Webster Gorlocks; Wesleyan Cardinals; Wesleyan Wolves; West Chester Golden Rams; West Florida Argonauts; West Georgia Wolves; West LA College Wildcats; West Texas A&M Buffaloes; West Virginia Mountaineers; West Virginia State Yellow Jackets; Western Carolina Catamounts; Western Connecticut Colonials; Western Illinois Leathernecks; Western Kentucky Hilltoppers; Western Michigan Broncos; Western New Mexico Mustangs; Western Oregon Wolves; Western Washington Vikings; Westminster College Blue Jays; Westminster Griffins; Wichita State Shockers; Widener Pride football; Wilkes University Colonels; William & Mary Tribe; William Carey Crusaders; William Jewell Cardinals; William Paterson Pioneers; William Penn Statesmen; Wingate Bulldogs; Winston-Salem State Rams; Winthrop Eagles; Wisconsin Eau Claire Blugold; Wisconsin Lutheran College Warriors; Wisconsin Stout Blue Devils; Wisconsin Waukesha Cougars; Wisconsin-Green Bay Phoenix; Wisconsin-La Crosse Eagles; Wisconsin-Milwaukee Panthers; Wisconsin-Oshkosh Titans; Wisconsin–Parkside Rangers; Wisconsin-Platteville Pioneers; Wisconsin–River Falls Falcons; Wisconsin-Stevens Point Pointers; Wisconsin–Whitewater Warhawks; Wittenberg Tigers; WKU Hilltoppers; Wofford Terriers; Woodbury University; Wooster Fighting Scots; Wright State Raiders; Wyoming Cowboys; Xavier Louisiana Gold Rush/Nuggets; Xavier Musketeers; Yale Bulldogs; Youngstown State Penguins; Aberdeen IronBirds; Active Club of Philadelphia; Akron Black Tyrites; Akron RubberDucks; Albuquerque Isotopes; Alexandria Black Aces; Alexandria Lincoln Giants; All Cubans; All Nations; Altoona Curve; Anaheim Angels; Anaheim Ducks; Ansonia Cuban Giants; Arizona Cardinals; Arizona Coyotes; Arizona Diamondbacks; Arkansas Travelers; Asheville Tourists; Atlanta Black Crackers; Atlanta Braves; Atlanta Dream; Atlanta Falcons; Atlanta Flames; Atlanta Hawks; Atlantic City Bacharach Giants; Atlantic Schooners; Auburn Doubledays; Augusta GreenJackets; Austin Black Senators; AZL Angels; AZL Athletics; AZL Brewers; AZL Cubs; AZL D-backs; AZL Dodgers; AZL Giants; AZL Indians; AZL Mariners; AZL Padres; AZL Rangers; AZL Reds; AZL Royals; Bakersfield Blaze; Baltimore Black Sox; Baltimore Colts; Baltimore Elite Giants; Baltimore Lord Baltimores; Baltimore Ravens; Baltimore Stallions; Batavia Muckdogs; Baton Rouge Black Sox; Baton Rouge Hardwood Sports; Baton Rouge Stars; BC Lions; Beloit Snappers; Billings Mustangs; Biloxi Shuckers; Binghamton Rumble Ponies; Birmingham Barons; Birmingham Barracudas; Birmingham Black Barons; Birmingham Giants; Bluefield Blue Jays; Boise Hawks; Boston Bees; Boston Blues; Boston Braves; Boston Bruins; Boston Celtics; Boston Patriots; Boston Red Sox; Boston Resolutes; Boston Royal Giants; Bowie Baysox; Bowling Green Hot Rods; Bradenton Marauders; Brenham Merchants; Brevard County Manatees; Bristol Pirates; Bristol White Sox; Brooklyn Americans; Brooklyn Cyclones; Brooklyn Dodgers; Brooklyn Eagles; Brooklyn Nets; Brooklyn Royal Giants; Buffalo Bills; Buffalo Bisons; Buffalo Sabres; Burlington Bees; Burlington Royals; C.D. Chivas USA; Calgary Flames; Calgary Stampeders; California Angels; California Golden Seals; Carolina Hurricanes; Carolina Mudcats; Carolina Panthers; Cedar Rapids Kernels; Chappie Johnson's Stars; Charleston RiverDogs; Charlotte Bobcats; Charlotte Hornets; Charlotte Knights; Charlotte Sting; Charlotte Stone Crabs; Chattanooga Black Lookouts; Chattanooga Choo-Choos; Chattanooga Lookouts; Chicago American Giants; Chicago Bears; Chicago Blackhawks; Chicago Brown Bombers; Chicago Bulls; Chicago Cardinals; Chicago Columbia Giants; Chicago Fire FC; Chicago Giants; Chicago Sky; Chicago Unions; Chicago White Sox; Cincinnati Bengals; Cincinnati Browns; Cincinnati Buckeyes; Cincinnati-Cleveland Buckeyes; Cincinnati Clowns; Cincinnati Cuban Stars; Cincinnati Reds; Cincinnati Tigers; Clearwater Threshers; Cleveland Barons; Cleveland Bears; Cleveland Browns; Cleveland Buckeyes; Cleveland Cavaliers; Cleveland Cubs; Cleveland Elites; Cleveland Giants; Cleveland Guardians; Cleveland Hornets; Cleveland Red Sox; Cleveland Rockers; Cleveland Stars; Cleveland Tate Stars; Cleveland Tigers; Clinton LumberKings; Cole’s American Giants; Colorado Avalanche; Colorado Rapids; Colorado Rockies; Colorado Springs Sky Sox; Colored House of David; Columbia Fireflies; Columbus Blue Birds; Columbus Blue Jackets; Columbus Buckeyes; Columbus Clippers; Columbus Crew SC; Columbus Elite Giants; Columbus Turfs; Connecticut Sun; Connecticut Tigers; Corpus Christi Hooks; Cuban Giants; Cuban Stars (East); Cuban Stars (West); Cuban Stars East; Cuban Stars of Havana; Cuban X Giants; D.C. United; Dallas Mavericks; Dallas Stars; Dallas Texans; Dallas Wings; Danville Braves; Daytona Cubs; Daytona Tortugas; Dayton Dragons; Dayton Marcos; Delmarva Shorebirds; Denver Broncos; Denver Nuggets; Denver White Elephants; Detroit Clowns; Detroit Lions; Detroit–New Orleans Stars; Detroit Pistons; Detroit Red Wings; Detroit Shock; Detroit Stars; Detroit Tigers; Detroit Wolves; Dunedin Blue Jays; Durham Bulls; Edmonton Elks; Edmonton Oilers; Elizabethton Twins; El Paso Chihuahuas; Erie SeaWolves; Ethiopian Clowns; Eugene Emeralds; Everett AquaSox; FC Dallas; Ferriday Stars; Florida Marlins; Florida Panthers; Fort Myers Miracle; Fort Wayne TinCaps; Frederick Keys; Fresno Grizzlies; Frisco RoughRiders; GCL Astros; GCL Nationals; GCL Yankees2
Info,>>> The recommended value(s) for aspect Size: One Size; XS; S; M; L; XL; 2XL; 3XL; 4XL; 5XL; 6; 7; 8; 9; 10; 12; 14; 16; 18; 20; 22; 24; 26; 28; 30; 32; 34; 36; 38; 40; 42; 44; 46; 48; 50; 52; 54; 56; 58; 60; 64; 70; 6.875; 6 7/8; 7.125; 7 1/8; 7.25; 7 1/4; 7.375; 7 3/8; 7.5; 7 1/2; 7.625; 7 5/8; 7.75; 7 3/4; 7.875; 7 7/8; 2T; 3T; 4T; 5T; 0-3 Months; 3-6 Months; 6-9 Months; 9-12 Months; 12-18 Months; 18-24 Months
Info,>>> The recommended value(s) for aspect Sport: Baseball; Basketball; Bowling; Cross Country; Fencing; Field Hockey; Football; Golf; Gymnastics; Ice Hockey; Indoor Track & Field; Lacrosse; Outdoor Track & Field; Rifle; Rowing; Skiing; Soccer; Softball; Swimming & Diving; Tennis; Volleyball; Water Polo; Wrestling
Info,>>> The recommended value(s) for aspect Brand: adidas; Antigua; CCM; Champion; Colosseum Athletics; FANMATS; Fanatics; Game Time; G-III; Hunter MFG; Majestic; Mitchell & Ness; Mounted Memories; New Era; Nike; Northwest; Nutmeg; Picnic Time; Rawlings; Reebok; Riddell; Starter; WinCraft; Zephyr; ’47; American Needle; Caseworks; Chase; Coleman; Columbia; Comfy Feet; Croakies; Dayna Designs; Eagles Wings; Encore Select; Evergreen Solar; Fathead; For Bare Feet; Forever Collectibles; Franklin; Fremont Die; Gildan; Headgear; Highland Mint; Holland Bar Stool Company; Jibbitz; Junk Food; Kolder; Kraftware; Lionel; Majestic Threads; Memory Company; Milliken; The Original Retro Brand; Party Animal; Rico; RoomMates; Sandol; Schutt; Scottish Christmas; Siskiyou; Soffe; Soft As A Grape; Sparo; Sports Coverage; Steiner Sports; Sun Time; Team Golf; Top of the World; Touch by Alyssa Milano; Trademark Games; Twins Enterprise; Under armour; UNK; Upper Deck; VF Imagewear; Wilson; 289c; Active Dreamers; Alma Mater; Alta Gracia; Aminco; Baden; Bleacher Creatures; Boxercraft; Bruzer; Campus Couture; Captivating Apparel; Captivating Headwear; College Kids; Concepts Sport; Creative Converting; Creative Knitwear Inc.; Cutter & Buck; Desden; Distant Replays; Fanatics Branded; Fan Favorite; Fruit of the Loom; Gameday Couture; Game Day Outfitters; Garb; Genuine Stuff; J. America; JERZEES; Jewelry Stores Network; Knights Apparel; Legacy; Legacy Athletic; Levelwear; Life is Good; Life Is Good Company; Littlearth; Little Earth; LogoArt; MV Sport; Outdoor Cap; Outerstuff; Penn; Pets First; Phenom Gallery; Pressbox; PUMA; Red Oak Direct; Russell Athletic; Sideline Apparel; Spirit Jersey; Sports Specialties; Sport Your Gear; Stance; Steve & Barry's; Stockdale; Team Athletics; Team Sports America; The Cotton Exchange; The Game; The Memory Company; The Northwest Company; Tommy Bahama; Unbranded; Uncanny Brands; Victor Keepsakes; Wes and Willy; wrepublic; Zephyrs; Zoozatz
Info,>>> The recommended value(s) for aspect Gender: Men; Women; Boys; Girls; Unisex Adult; Unisex Children
Info,>>> The recommended value(s) for aspect Color: Beige; Black; Blue; Brown; Gold; Gray; Green; Ivory; Multi-Color; Orange; Pink; Purple; Red; Silver; White; Yellow
Info,>>> The recommended value(s) for aspect Pre & Post Season: Pre-Season; Regular Season; Playoffs; Conference Finals; NCAA Championship; Bowl Game; College World Series; Frozen Four; March Madness; Final Four
Info,>>> The recommended value(s) for aspect Player: Al Jefferson; Allen Iverson; Alonzo Mourning; Amar'e Stoudemire; Anderson Varejao; Andray Blatche; Andre Drummond; Andre Iguodala; Andrew Bogut; Andrew Bynum; Anfernee Hardaway; Antawn Jamison; Anthony Davis; Baron Davis; Ben Gordon; Ben Wallace; Blake Griffin; Brandan Wright; Brandon Jennings; Brook Lopez; Carlos Boozer; Carmelo Anthony; Caron Butler; Charles Barkley; Chauncey Billups; Chris Bosh; Chris Paul; Chris Webber; Clyde Drexler; Damian Lillard; David Lee; David Robinson; David West; DeMarcus Cousins; Dennis Rodman; Deron Williams; Derrick Rose; Dirk Nowitzki; Dominique Wilkins; Dwight Howard; Dwyane Wade; Elton Brand; Emeka Okafor; Eric Bledsoe; Gary Payton; Gilbert Arenas; Grant Hill; Greg Monroe; Hakeem Olajuwon; Isiah Thomas; J.J. Hickson; James Harden; Jason Kidd; Jason Richardson; Jason Williams; JaVale McGee; Jeremy Lin; Jermaine O'Neal; Jerry Stackhouse; Jerry West; John Stockton; Jordan Hill; Jose Calderon; Josh Smith; Julius Erving; Kareem Abdul-Jabbar; Karl Malone; Kemba Walker; Kenneth Faried; Kevin Durant; Kevin Garnett; Kevin Love; Kobe Bryant; Kyle Lowry; Kyrie Irving; Lamar Odom; Larry Bird; Lauri Markkanen; LeBron James; Magic Johnson; Manu Ginobili; Marc Gasol; Marcin Gortat; Michael Jordan; Mike Bibby; Nate Robinson; Nikola Pekovic; Patrick Ewing; Pau Gasol; Paul George; Paul Millsap; Paul Pierce; Peja Stojakovic; Ramon Sessions; Ray Allen; Reggie Miller; Richard Hamilton; Richard Jefferson; Robin Lopez; Russell Westbrook; Ryan Anderson; Samuel Dalembert; Scottie Pippen; Serge Ibaka; Shaquille O'Neal; Shareef Abdur-Rahim; Shawn Kemp; Shawn Marion; Stephen Curry; Stephon Marbury; Steve Nash; Tiago Splitter; Tim Duncan; Tony Parker; Tracy McGrady; Tyreke Evans; Tyson Chandler; Vince Carter; Wilt Chamberlain; Yao Ming
Info,>>> The recommended value(s) for aspect Officially Licensed: No; Yes
Info,>>> The recommended value(s) for aspect Capacity: Less than 8 oz; 8 oz; 9 oz; 10 oz; 11 oz; 12 oz; 13 oz; 14 oz; 15 oz; 16 oz; 17 oz; 18 oz; 19 oz; 20 oz; 21 oz; 22 oz; 23 oz; 24 oz; 25 oz; 26 oz; 27 oz; 28 oz; 29 oz; 30 oz; 31 oz; 32 oz; 33 oz; 34 oz; 35 oz; 36 oz; 37 oz; 38 oz; 39 oz; 40 oz; 41 oz; 42 oz; 43 oz; 44 oz; 45 oz; 46 oz; 47 oz; 48 oz; 49 oz; 50 oz; More than 50 oz
Info,">>> The recommended value(s) for aspect Country of Origin: Afghanistan; Albania; Algeria; Andorra; Angola; Anguilla; Antigua and Barbuda; Argentina; Armenia; Aruba; Australia; Austria; Azerbaijan; Bahamas; Bahrain; Bangladesh; Barbados; Belarus; Belgium; Belize; Benin; Bermuda; Bhutan; Bolivia; Bosnia and Herzegovina; Botswana; Brazil; British Indian Ocean Territory; Brunei Darussalam; Bulgaria; Burkina Faso; Burundi; Cambodia; Cameroon; Canada; Cape Verde; Cayman Islands; Central African Republic; Chad; Chile; China; Cocos (Keeling) Islands; Colombia; Comoros; Cook Islands; Costa Rica; Croatia; Cyprus; Denmark; Djibouti; Dominica; Dominican Republic; Ecuador; Egypt; El Salvador; Equatorial Guinea; Eritrea; Estonia; Ethiopia; Falkland Islands; Faroe Islands; Fiji; Finland; France; French Guiana; French Polynesia Includes Tahiti; Gabon; Gambia; Georgia; Germany; Ghana; Gibraltar; Greece; Greenland; Grenada; Guadeloupe; Guam; Guatemala; Guernsey; Guinea; Guinea-Bissau; Guyana; Haiti; Heard Island and Mcdonald Islands; Honduras; Hong Kong; Hungary; Iceland; India; Indonesia; Iraq; Ireland; Israel; Italy; Jamaica; Japan; Jersey; Jordan; Kazakhstan; Kenya; Kiribati; Kuwait; Kyrgyzstan; Lao People's Democratic Republic; Latvia; Lebanon; Lesotho; Liberia; Liechtenstein; Lithuania; Luxembourg; North Macedonia; Madagascar; Malawi; Malaysia; Maldives; Mali; Malta; Marshall Islands; Martinique; Mauritania; Mauritius; Mayotte; Mexico; Micronesia, Federated States of; Moldova, Republic of; Monaco; Mongolia; Montenegro; Montserrat; Morocco; Mozambique; Namibia; Nauru; Nepal; Netherlands; New Caledonia; New Zealand; Nicaragua; Niger; Nigeria; Niue; Norfolk Island; Northern Mariana Islands; Norway; Oman; Pakistan; Palau; Panama; Papua New Guinea; Paraguay; Peru; Philippines; Poland; Portugal; Puerto Rico; Qatar; Reunion; Romania; Russian Federation; Rwanda; Saint Helena; Saint Kitts and Nevis; Saint Lucia; Saint Pierre and Miquelon; Saint Vincent and the Grenadines; Samoa; San Marino; Sao Tome and Principe; Saudi Arabia; Senegal; Serbia; Seychelles; Sierra Leone; Singapore; Slovakia; Slovenia; Solomon Islands; Somalia; South Africa; South Georgia and the South Sandwich Islands; Spain; Sri Lanka; Suriname; Svalbard and Jan Mayen; Eswatini; Sweden; Switzerland; Taiwan; Tajikistan; Tanzania, United Republic of; Thailand; Togo; Tokelau; Tonga; Trinidad and Tobago; Tunisia; Turkmenistan; Turks and Caicos Islands; Tuvalu; Uganda; Ukraine; United Arab Emirates; United Kingdom; United States; Uruguay; Uzbekistan; Vanuatu; Venezuela; Vietnam; Wallis and Futuna; Yemen; Zambia; Zimbabwe; British Virgin Islands; Canary Islands; Christmas Islands; Congo, Republic of the; Congo, The Democratic Republic of the; Côte d'Ivoire; Cuba; Curacao; Czech Republic; French Southern Territories and Antartic Lands; Gaza Strip; Iran, Islamic Republic of; Kosovo; Libya; Macau; Madeira Island; Myanmar / Burma; North Korea (Democratic People's Republic of Korea); Saint Barthélemy; Saint-Martin; Sint Eustatius; Sint Maarten; South Korea (Republic of Korea); Sudan; Syria; Tristan da Cunha; Türkiye; Vatican City; Virgin Islands; West Bank"
Info,>>> Condition Help page:  https://developer.ebay.com/DevZone/finding/CallRef/Enums/conditionIdList.html
